Time,Woolworths Christmas 2024 30 TVC,Woolworths Christmas 2024 30 TVC,Woolworths Christmas 2024 30 TVC,Woolworths Christmas 2024 30 TVC,Woolworths Christmas 2024 30 TVC,Woolworths Christmas 2024 30 TVC,Woolworths Christmas 2024 30 TVC,Woolworths Christmas 2024 30 TVC,Woolworths Christmas 2024 30 TVC,Woolworths Christmas 2024 30 TVC,Woolworths Christmas 2024 30 TVC,Woolworths Christmas 2024 30 TVC
,Approach / Withdraw,Engagement,Emotional Intensity,Memory Encoding - Detail,Memory Encoding - Global,Memory Encoding - Composite,General Attention - Detail,General Attention - Global,General Attention - Composite,Visual Attention - Detail,Visual Attention - Global,Visual Attention - Composite
0,0.117,0.5345,0.386,0.8103,0.6724,0.7414,0.4204,0.496,0.4582,0.5992,0.4247,0.512
0.1,0.1315,0.5614,0.4408,0.7948,0.669,0.7319,0.4132,0.5135,0.4633,0.6242,0.4492,0.5367
0.2,0.1519,0.5925,0.4892,0.7764,0.6615,0.719,0.4056,0.5278,0.4667,0.651,0.4725,0.5618
0.3,0.1761,0.6268,0.5278,0.7548,0.6492,0.702,0.3971,0.5377,0.4674,0.6776,0.4933,0.5855
0.4,0.2009,0.6629,0.5549,0.7301,0.6325,0.6813,0.3872,0.5426,0.4649,0.7024,0.5105,0.6065
0.5,0.2233,0.6991,0.5697,0.7036,0.6124,0.658,0.3753,0.5413,0.4583,0.7246,0.5229,0.6238
0.6,0.2413,0.7335,0.5728,0.6766,0.5887,0.6327,0.361,0.5329,0.4469,0.7436,0.5297,0.6367
0.7,0.2542,0.7645,0.5657,0.6504,0.5605,0.6055,0.3441,0.5171,0.4306,0.7591,0.5303,0.6447
0.8,0.2622,0.7906,0.5504,0.6262,0.5264,0.5763,0.325,0.4947,0.4098,0.7711,0.5246,0.6478
0.9,0.2657,0.8114,0.5292,0.6051,0.4858,0.5455,0.3043,0.4671,0.3857,0.7802,0.5124,0.6463
1,0.2646,0.8265,0.5046,0.5884,0.4391,0.5137,0.2829,0.4359,0.3594,0.7859,0.4943,0.6401
1.1,0.2598,0.8357,0.4789,0.5766,0.3872,0.4819,0.2615,0.4033,0.3324,0.7874,0.4711,0.6293
1.2,0.2531,0.8386,0.4544,0.5694,0.3316,0.4505,0.2416,0.3708,0.3062,0.7835,0.4447,0.6141
1.3,0.2464,0.8356,0.433,0.5664,0.2744,0.4204,0.2247,0.3397,0.2822,0.7739,0.4173,0.5956
1.4,0.2405,0.8279,0.4162,0.5674,0.2195,0.3935,0.2128,0.3103,0.2616,0.7598,0.391,0.5754
1.5,0.234,0.8178,0.4048,0.5724,0.1721,0.3722,0.2075,0.2832,0.2454,0.743,0.368,0.5555
1.6,0.2247,0.8072,0.3995,0.581,0.1364,0.3587,0.2101,0.2596,0.2348,0.7252,0.3498,0.5375
1.7,0.2111,0.7974,0.4003,0.5923,0.114,0.3532,0.2215,0.2413,0.2314,0.7077,0.3372,0.5225
1.8,0.1931,0.7886,0.4074,0.6051,0.1044,0.3548,0.242,0.2296,0.2358,0.6905,0.3307,0.5106
1.9,0.1724,0.78,0.4207,0.6183,0.1057,0.362,0.2708,0.2242,0.2475,0.6729,0.3303,0.5016
2,0.1507,0.7713,0.4399,0.6317,0.1163,0.374,0.3061,0.2239,0.265,0.6545,0.3357,0.4951
2.1,0.1284,0.7628,0.4636,0.6466,0.1358,0.3912,0.3461,0.2281,0.2871,0.6351,0.347,0.491
2.2,0.1055,0.7555,0.49,0.665,0.165,0.415,0.3896,0.2379,0.3137,0.6151,0.3639,0.4895
2.3,0.0822,0.7505,0.5167,0.6877,0.2041,0.4459,0.4361,0.2546,0.3454,0.595,0.3856,0.4903
2.4,0.0601,0.7479,0.5425,0.7133,0.2516,0.4824,0.4849,0.2791,0.382,0.575,0.411,0.493
2.5,0.0411,0.7472,0.5667,0.7395,0.3049,0.5222,0.5346,0.3109,0.4228,0.5557,0.4395,0.4976
2.6,0.0261,0.7473,0.5888,0.7635,0.3606,0.5621,0.5829,0.3487,0.4658,0.5375,0.4707,0.5041
2.7,0.0145,0.7471,0.6071,0.7827,0.4149,0.5988,0.6259,0.3903,0.5081,0.521,0.5029,0.5119
2.8,0.0058,0.7449,0.6194,0.7945,0.4634,0.629,0.6604,0.4329,0.5466,0.5062,0.5338,0.52
2.9,-0.0002,0.74,0.6235,0.7974,0.5028,0.6501,0.6845,0.4732,0.5789,0.4925,0.561,0.5267
3,-0.0033,0.7325,0.6186,0.7925,0.5317,0.6621,0.6983,0.5083,0.6033,0.4792,0.5827,0.5309
3.1,-0.003,0.7233,0.6052,0.7829,0.5516,0.6672,0.7024,0.5364,0.6194,0.466,0.5985,0.5323
3.2,0.0005,0.7134,0.5841,0.7716,0.5658,0.6687,0.6978,0.5572,0.6275,0.4531,0.6087,0.5309
3.3,0.0066,0.7036,0.5567,0.7603,0.5769,0.6686,0.6852,0.5709,0.6281,0.4408,0.6139,0.5274
3.4,0.0142,0.6938,0.5239,0.7491,0.586,0.6676,0.6659,0.5778,0.6219,0.4292,0.6154,0.5223
3.5,0.0223,0.6842,0.4875,0.7378,0.594,0.6659,0.6417,0.5781,0.6099,0.4187,0.6147,0.5167
3.6,0.0295,0.6753,0.4496,0.727,0.6015,0.6642,0.6145,0.5727,0.5936,0.411,0.6135,0.5123
3.7,0.0351,0.6676,0.4121,0.7178,0.6098,0.6638,0.5863,0.5638,0.575,0.4076,0.6132,0.5104
3.8,0.0397,0.6617,0.377,0.7116,0.6195,0.6656,0.559,0.5535,0.5562,0.4092,0.6144,0.5118
3.9,0.0435,0.6574,0.3456,0.7084,0.6296,0.669,0.5342,0.5436,0.5389,0.4153,0.6176,0.5165
4,0.0464,0.654,0.3189,0.7072,0.6379,0.6726,0.5126,0.5351,0.5239,0.4248,0.6228,0.5238
4.1,0.0475,0.6511,0.2976,0.7067,0.643,0.6749,0.4943,0.5283,0.5113,0.4363,0.6297,0.533
4.2,0.0455,0.6489,0.2813,0.7061,0.6453,0.6757,0.4786,0.5233,0.501,0.4493,0.638,0.5437
4.3,0.0402,0.6485,0.2696,0.7055,0.6459,0.6757,0.4652,0.5204,0.4928,0.4634,0.6471,0.5553
4.4,0.0328,0.6504,0.2616,0.7052,0.6459,0.6755,0.4536,0.5196,0.4866,0.4783,0.6567,0.5675
4.5,0.0253,0.6548,0.2567,0.705,0.6451,0.6751,0.444,0.5206,0.4823,0.4931,0.6667,0.5799
4.6,0.0192,0.6609,0.2547,0.7045,0.6425,0.6735,0.4368,0.5225,0.4797,0.5072,0.6772,0.5922
4.7,0.0148,0.6681,0.2552,0.7034,0.6373,0.6703,0.4321,0.5249,0.4785,0.5207,0.6879,0.6043
4.8,0.0115,0.6763,0.2582,0.7021,0.6298,0.666,0.4302,0.5282,0.4792,0.5337,0.6984,0.616
4.9,0.0087,0.6854,0.2638,0.7012,0.6206,0.6609,0.4307,0.5329,0.4818,0.5468,0.7079,0.6273
5,0.0057,0.6951,0.2714,0.7006,0.6098,0.6552,0.4333,0.539,0.4861,0.5606,0.7156,0.6381
5.1,0.0015,0.7046,0.2805,0.7005,0.5971,0.6488,0.4372,0.5448,0.491,0.575,0.7208,0.6479
5.2,-0.0045,0.7131,0.2902,0.7009,0.5818,0.6414,0.4413,0.5483,0.4948,0.5896,0.7231,0.6564
5.3,-0.0124,0.7202,0.2999,0.7017,0.5643,0.633,0.4447,0.5484,0.4966,0.6037,0.7217,0.6627
5.4,-0.0219,0.7257,0.3086,0.7033,0.5455,0.6244,0.447,0.5451,0.496,0.617,0.716,0.6665
5.5,-0.0324,0.7299,0.3154,0.7059,0.5267,0.6163,0.4487,0.5394,0.494,0.629,0.7054,0.6672
5.6,-0.0435,0.733,0.3201,0.7089,0.5085,0.6087,0.4505,0.5323,0.4914,0.6396,0.6899,0.6648
5.7,-0.0552,0.7345,0.3232,0.7113,0.4907,0.601,0.4524,0.524,0.4882,0.649,0.6699,0.6595
5.8,-0.067,0.7339,0.3254,0.7119,0.4729,0.5924,0.4537,0.514,0.4838,0.6575,0.6465,0.652
5.9,-0.0781,0.7311,0.3276,0.711,0.4553,0.5831,0.4536,0.5017,0.4776,0.6647,0.6212,0.643
6,-0.0873,0.7259,0.3299,0.7093,0.4385,0.5739,0.4518,0.4873,0.4695,0.6703,0.5958,0.633
6.1,-0.0928,0.7186,0.332,0.7083,0.4235,0.5659,0.4489,0.4717,0.4603,0.6738,0.5716,0.6227
6.2,-0.0937,0.7098,0.3342,0.709,0.4109,0.5599,0.4461,0.4563,0.4512,0.6756,0.55,0.6128
6.3,-0.0891,0.7003,0.3371,0.7118,0.4006,0.5562,0.4448,0.4426,0.4437,0.6763,0.5323,0.6043
6.4,-0.0791,0.6906,0.3417,0.7174,0.3931,0.5552,0.4458,0.4315,0.4387,0.6764,0.5195,0.5979
6.5,-0.0647,0.6813,0.3484,0.7254,0.3894,0.5574,0.449,0.4237,0.4364,0.6763,0.5124,0.5943
6.6,-0.0475,0.6719,0.3569,0.7353,0.3904,0.5629,0.4538,0.4193,0.4365,0.6758,0.5116,0.5937
6.7,-0.0285,0.6619,0.3662,0.746,0.3966,0.5713,0.4597,0.4181,0.4389,0.675,0.5166,0.5958
6.8,-0.0085,0.6506,0.3756,0.7566,0.4073,0.5819,0.4663,0.4198,0.443,0.6738,0.5269,0.6004
6.9,0.0123,0.6385,0.3846,0.7663,0.422,0.5941,0.4735,0.424,0.4487,0.6723,0.5408,0.6065
7,0.0332,0.6267,0.3925,0.775,0.4407,0.6079,0.4805,0.4304,0.4554,0.6702,0.5567,0.6135
7.1,0.054,0.6165,0.3989,0.7832,0.464,0.6236,0.4867,0.4387,0.4627,0.6672,0.5733,0.6203
7.2,0.0736,0.6082,0.4032,0.7908,0.4922,0.6415,0.4915,0.4485,0.47,0.663,0.5897,0.6263
7.3,0.0899,0.6018,0.405,0.7971,0.5246,0.6609,0.4946,0.4592,0.4769,0.6577,0.6047,0.6312
7.4,0.1016,0.5974,0.4035,0.8021,0.5599,0.681,0.4959,0.4696,0.4827,0.652,0.6171,0.6345
7.5,0.1089,0.5949,0.3985,0.8063,0.597,0.7017,0.4955,0.4785,0.487,0.6458,0.626,0.6359
7.6,0.113,0.5945,0.3894,0.8111,0.6348,0.723,0.4938,0.4855,0.4896,0.6386,0.6311,0.6348
7.7,0.1153,0.5953,0.3763,0.8174,0.6719,0.7447,0.491,0.4903,0.4907,0.6294,0.633,0.6312
7.8,0.1169,0.5962,0.3601,0.8253,0.7056,0.7655,0.4878,0.4929,0.4903,0.6177,0.6326,0.6251
7.9,0.1178,0.596,0.3416,0.8346,0.7335,0.784,0.4845,0.4929,0.4887,0.6029,0.6304,0.6167
8,0.1187,0.5943,0.3218,0.845,0.7542,0.7996,0.4806,0.4902,0.4854,0.5859,0.6268,0.6064
8.1,0.1207,0.5917,0.3008,0.8569,0.768,0.8124,0.4759,0.4847,0.4803,0.5678,0.6216,0.5947
8.2,0.1249,0.5886,0.2788,0.8713,0.7759,0.8236,0.4698,0.4763,0.4731,0.5491,0.614,0.5816
8.3,0.1318,0.5853,0.2556,0.8884,0.7789,0.8337,0.4619,0.4652,0.4635,0.5298,0.6037,0.5667
8.4,0.1414,0.5815,0.2321,0.9079,0.7772,0.8425,0.4523,0.4511,0.4517,0.5094,0.5911,0.5502
8.5,0.1542,0.5772,0.2096,0.9292,0.7709,0.8501,0.4412,0.4343,0.4378,0.488,0.5778,0.5329
8.6,0.1715,0.5728,0.1892,0.9515,0.761,0.8563,0.4294,0.4157,0.4225,0.466,0.5655,0.5158
8.7,0.195,0.5689,0.1711,0.9739,0.7489,0.8614,0.4177,0.3956,0.4066,0.4443,0.555,0.4997
8.8,0.2257,0.566,0.1544,0.9956,0.7356,0.8656,0.4071,0.3744,0.3907,0.4235,0.5463,0.4849
8.9,0.2633,0.5643,0.1384,1.0152,0.7213,0.8683,0.3982,0.3523,0.3753,0.4039,0.5398,0.4718
9,0.3062,0.5636,0.1234,1.0314,0.7056,0.8685,0.3911,0.3298,0.3605,0.3863,0.5358,0.461
9.1,0.3526,0.5635,0.1104,1.0431,0.6883,0.8657,0.3854,0.3073,0.3464,0.3713,0.5344,0.4529
9.2,0.4006,0.5637,0.1006,1.0505,0.6702,0.8604,0.3816,0.2853,0.3334,0.3593,0.5353,0.4473
9.3,0.4487,0.5639,0.0944,1.0537,0.6524,0.853,0.3803,0.2643,0.3223,0.3503,0.5379,0.4441
9.4,0.4951,0.564,0.0919,1.0526,0.6356,0.8441,0.3821,0.2454,0.3137,0.3446,0.542,0.4433
9.5,0.5376,0.5639,0.0935,1.0468,0.6197,0.8333,0.3869,0.2299,0.3084,0.3426,0.5476,0.4451
9.6,0.573,0.5634,0.0995,1.036,0.6046,0.8203,0.3945,0.2187,0.3066,0.3441,0.5549,0.4495
9.7,0.5978,0.5623,0.1103,1.02,0.5904,0.8052,0.4038,0.2117,0.3078,0.348,0.5636,0.4558
9.8,0.6089,0.5601,0.1253,0.9993,0.5777,0.7885,0.4143,0.2081,0.3112,0.3528,0.5728,0.4628
9.9,0.6047,0.5561,0.1436,0.9744,0.5662,0.7703,0.4255,0.2071,0.3163,0.3574,0.582,0.4697
10,0.5859,0.5502,0.1638,0.9458,0.5555,0.7506,0.4373,0.2092,0.3232,0.3613,0.5908,0.476
10.1,0.5547,0.5432,0.1852,0.9147,0.5451,0.7299,0.4495,0.2149,0.3322,0.3646,0.5986,0.4816
10.2,0.5141,0.5362,0.207,0.8827,0.535,0.7088,0.4622,0.2245,0.3433,0.3674,0.6052,0.4863
10.3,0.4659,0.53,0.2291,0.8512,0.5255,0.6884,0.4749,0.2375,0.3562,0.3696,0.6103,0.4899
10.4,0.4113,0.5242,0.2517,0.8211,0.5169,0.669,0.4872,0.2534,0.3703,0.3709,0.6142,0.4925
10.5,0.3518,0.5179,0.2748,0.7925,0.5092,0.6508,0.499,0.272,0.3855,0.3717,0.6172,0.4945
10.6,0.2895,0.5106,0.2984,0.7654,0.5022,0.6338,0.5111,0.2932,0.4022,0.3722,0.6196,0.4959
10.7,0.2279,0.5024,0.3218,0.7404,0.4959,0.6181,0.5243,0.3165,0.4204,0.3724,0.6214,0.4969
10.8,0.1706,0.4941,0.3437,0.7186,0.4904,0.6045,0.539,0.3402,0.4396,0.3716,0.6231,0.4973
10.9,0.1203,0.4863,0.3629,0.7009,0.4863,0.5936,0.5548,0.3633,0.4591,0.3692,0.6254,0.4973
11,0.0792,0.4799,0.3785,0.6878,0.4837,0.5858,0.5709,0.3853,0.4781,0.3649,0.6292,0.4971
11.1,0.0482,0.4755,0.3904,0.6793,0.483,0.5811,0.5865,0.4063,0.4964,0.3591,0.6346,0.4968
11.2,0.0278,0.4737,0.3982,0.6749,0.4843,0.5796,0.6017,0.4259,0.5138,0.3519,0.6409,0.4964
11.3,0.0172,0.4744,0.4015,0.6741,0.4878,0.581,0.6167,0.443,0.5298,0.3434,0.6472,0.4953
11.4,0.0144,0.4771,0.399,0.6756,0.4935,0.5846,0.6309,0.4563,0.5436,0.3337,0.6531,0.4934
11.5,0.0176,0.4814,0.3903,0.6783,0.501,0.5896,0.6435,0.4655,0.5545,0.3227,0.6583,0.4905
11.6,0.0251,0.4872,0.3752,0.6814,0.5108,0.5961,0.6537,0.4701,0.5619,0.3099,0.6622,0.486
11.7,0.0366,0.4953,0.3548,0.6852,0.5236,0.6044,0.6615,0.4702,0.5659,0.2953,0.6644,0.4799
11.8,0.0525,0.5064,0.33,0.6897,0.5389,0.6143,0.6668,0.4655,0.5661,0.2799,0.6654,0.4726
11.9,0.0729,0.5211,0.3012,0.6948,0.5562,0.6255,0.6688,0.4556,0.5622,0.2651,0.6656,0.4653
12,0.0963,0.5393,0.2683,0.7003,0.5748,0.6375,0.6664,0.44,0.5532,0.2524,0.665,0.4587
12.1,0.12,0.5604,0.2319,0.7056,0.5944,0.65,0.6582,0.4187,0.5384,0.2427,0.6633,0.453
12.2,0.1409,0.5835,0.1943,0.7097,0.6149,0.6623,0.6434,0.3926,0.518,0.2362,0.6604,0.4483
12.3,0.1566,0.6076,0.1597,0.712,0.6355,0.6737,0.6214,0.3631,0.4923,0.2338,0.6571,0.4454
12.4,0.1662,0.632,0.1321,0.7124,0.6552,0.6838,0.5925,0.3322,0.4624,0.2363,0.6544,0.4454
12.5,0.17,0.6565,0.1144,0.7109,0.6731,0.692,0.5579,0.3027,0.4303,0.2451,0.6532,0.4491
12.6,0.1692,0.6809,0.1076,0.7079,0.6894,0.6987,0.52,0.2775,0.3987,0.2605,0.6533,0.4569
12.7,0.1649,0.7054,0.1117,0.7032,0.7039,0.7036,0.4816,0.259,0.3703,0.2819,0.6547,0.4683
12.8,0.1575,0.7299,0.1259,0.6969,0.7164,0.7067,0.4444,0.2483,0.3464,0.3076,0.6574,0.4825
12.9,0.1472,0.7541,0.1485,0.6898,0.7266,0.7082,0.4093,0.2449,0.3271,0.3354,0.6612,0.4983
13,0.1344,0.7774,0.1773,0.6834,0.7344,0.7089,0.3772,0.2475,0.3123,0.3634,0.6657,0.5145
13.1,0.1197,0.7996,0.2099,0.6792,0.7399,0.7096,0.3496,0.2554,0.3025,0.3904,0.6704,0.5304
13.2,0.1044,0.8204,0.2448,0.6784,0.7434,0.7109,0.3286,0.2686,0.2986,0.4163,0.6752,0.5457
13.3,0.0896,0.8394,0.2807,0.681,0.7443,0.7127,0.3158,0.2874,0.3016,0.4415,0.6801,0.5608
13.4,0.0767,0.8566,0.3161,0.6869,0.7425,0.7147,0.3113,0.3108,0.3111,0.4657,0.6848,0.5753
13.5,0.0661,0.8716,0.3493,0.6956,0.7377,0.7166,0.3142,0.3368,0.3255,0.4878,0.6885,0.5882
13.6,0.0582,0.884,0.379,0.7058,0.7301,0.718,0.3227,0.3626,0.3427,0.5063,0.6908,0.5985
13.7,0.0531,0.8925,0.4045,0.7158,0.7198,0.7178,0.3345,0.3862,0.3604,0.5204,0.6911,0.6058
13.8,0.051,0.8963,0.4257,0.7238,0.7063,0.7151,0.348,0.4061,0.3771,0.5301,0.6893,0.6097
13.9,0.052,0.8947,0.4426,0.7291,0.6897,0.7094,0.3618,0.4216,0.3917,0.5357,0.6851,0.6104
14,0.0567,0.888,0.4548,0.7315,0.6704,0.7009,0.375,0.4318,0.4034,0.5369,0.6785,0.6077
14.1,0.0654,0.8769,0.4619,0.7313,0.6489,0.6901,0.3864,0.4361,0.4112,0.5338,0.6694,0.6016
14.2,0.0771,0.8618,0.4634,0.7286,0.6255,0.677,0.3951,0.4341,0.4146,0.5265,0.6584,0.5924
14.3,0.0904,0.8428,0.4594,0.723,0.6002,0.6616,0.4002,0.4261,0.4132,0.5155,0.6452,0.5804
14.4,0.1042,0.8192,0.4502,0.7138,0.5734,0.6436,0.4011,0.4125,0.4068,0.5014,0.6296,0.5655
14.5,0.1181,0.7907,0.4365,0.7005,0.5457,0.6231,0.3981,0.3934,0.3957,0.4843,0.6112,0.5478
14.6,0.1321,0.7571,0.4187,0.683,0.5174,0.6002,0.3915,0.3693,0.3804,0.4645,0.59,0.5272
14.7,0.1462,0.7185,0.3978,0.6614,0.4883,0.5749,0.3817,0.3415,0.3616,0.442,0.5664,0.5042
14.8,0.1604,0.6755,0.3748,0.6366,0.4575,0.547,0.369,0.3116,0.3403,0.4173,0.5413,0.4793
14.9,0.1754,0.6291,0.3508,0.6099,0.4242,0.5171,0.3534,0.2804,0.3169,0.3907,0.5154,0.4531
15,0.1922,0.5803,0.3269,0.583,0.3884,0.4857,0.3351,0.2487,0.2919,0.3626,0.4889,0.4257
15.1,0.2105,0.5302,0.3037,0.5568,0.3505,0.4537,0.3144,0.2174,0.2659,0.3331,0.462,0.3976
15.2,0.2286,0.4798,0.2825,0.5315,0.311,0.4213,0.2915,0.1879,0.2397,0.3031,0.4362,0.3696
15.3,0.2437,0.4303,0.2644,0.5067,0.2706,0.3887,0.2671,0.1616,0.2143,0.2741,0.413,0.3435
15.4,0.2534,0.3837,0.2512,0.4828,0.2309,0.3569,0.2422,0.1394,0.1908,0.2476,0.394,0.3208
15.5,0.2572,0.3423,0.2443,0.4607,0.1944,0.3276,0.2185,0.1217,0.1701,0.2247,0.3799,0.3023
15.6,0.2559,0.3073,0.2442,0.441,0.1625,0.3017,0.1972,0.1084,0.1528,0.2054,0.3708,0.2881
15.7,0.2509,0.2786,0.251,0.4235,0.1348,0.2792,0.1787,0.0994,0.1391,0.1897,0.3663,0.278
15.8,0.2436,0.2555,0.2639,0.4075,0.1112,0.2593,0.163,0.0952,0.1291,0.1776,0.3653,0.2714
15.9,0.2344,0.2371,0.2823,0.3922,0.0917,0.2419,0.1503,0.0958,0.1231,0.1694,0.3664,0.2679
16,0.2227,0.2228,0.306,0.3776,0.0771,0.2274,0.1414,0.1007,0.121,0.1656,0.3685,0.2671
16.1,0.2079,0.2117,0.3346,0.3637,0.0677,0.2157,0.1368,0.1086,0.1227,0.1669,0.3716,0.2693
16.2,0.1897,0.2031,0.3677,0.3505,0.0627,0.2066,0.1369,0.1182,0.1276,0.1742,0.3764,0.2753
16.3,0.1687,0.1968,0.4044,0.3383,0.0621,0.2002,0.1427,0.1292,0.1359,0.1884,0.3832,0.2858
16.4,0.1456,0.1933,0.4442,0.3277,0.0663,0.197,0.1553,0.1418,0.1486,0.2095,0.3914,0.3005
16.5,0.1212,0.1928,0.4871,0.3188,0.0763,0.1976,0.1759,0.1567,0.1663,0.2371,0.4004,0.3187
16.6,0.0964,0.1951,0.5326,0.3116,0.0923,0.202,0.2044,0.1738,0.1891,0.2699,0.4099,0.3399
16.7,0.071,0.2004,0.5789,0.3064,0.1134,0.2099,0.2392,0.1925,0.2159,0.3063,0.4199,0.3631
16.8,0.0452,0.2089,0.6228,0.3036,0.139,0.2213,0.2779,0.2115,0.2447,0.3439,0.43,0.3869
16.9,0.0188,0.222,0.6619,0.3044,0.1691,0.2367,0.3173,0.2294,0.2733,0.3806,0.439,0.4098
17,-0.0084,0.2411,0.695,0.3105,0.2043,0.2574,0.3555,0.2461,0.3008,0.4151,0.4466,0.4309
17.1,-0.0361,0.2668,0.7226,0.3228,0.2449,0.2838,0.392,0.2619,0.3269,0.4474,0.4533,0.4504
17.2,-0.0636,0.299,0.7453,0.3422,0.2899,0.3161,0.427,0.2779,0.3525,0.4778,0.4606,0.4692
17.3,-0.0894,0.3374,0.7633,0.3697,0.3381,0.3539,0.4615,0.2956,0.3785,0.5069,0.4697,0.4883
17.4,-0.1123,0.3808,0.7766,0.4054,0.3881,0.3967,0.4956,0.3154,0.4055,0.5342,0.4813,0.5078
17.5,-0.1318,0.4272,0.785,0.4481,0.4388,0.4434,0.5288,0.337,0.4329,0.5592,0.4953,0.5272
17.6,-0.1482,0.4736,0.789,0.4957,0.4888,0.4922,0.5603,0.3594,0.4598,0.5817,0.5111,0.5464
17.7,-0.1602,0.5163,0.7896,0.5451,0.5359,0.5405,0.5894,0.3813,0.4853,0.602,0.5282,0.5651
17.8,-0.1644,0.5529,0.7877,0.5937,0.5777,0.5857,0.6148,0.4021,0.5084,0.6198,0.5457,0.5827
17.9,-0.1581,0.5821,0.7836,0.6399,0.6118,0.6258,0.6356,0.4213,0.5284,0.6349,0.5625,0.5987
18,-0.1414,0.6038,0.7772,0.6828,0.6365,0.6597,0.651,0.4383,0.5446,0.6471,0.5777,0.6124
18.1,-0.1164,0.6182,0.7685,0.7217,0.651,0.6863,0.6601,0.4524,0.5562,0.656,0.5906,0.6233
18.2,-0.0856,0.6257,0.7575,0.7556,0.6549,0.7052,0.6624,0.4635,0.5629,0.6613,0.6005,0.6309
18.3,-0.0504,0.6262,0.7447,0.7839,0.6483,0.7161,0.6582,0.4723,0.5653,0.6635,0.6072,0.6353
18.4,-0.0115,0.6201,0.731,0.8059,0.6326,0.7192,0.6479,0.4801,0.564,0.663,0.6104,0.6367
18.5,0.0305,0.6086,0.7172,0.8217,0.6097,0.7157,0.6323,0.4877,0.56,0.6606,0.6103,0.6355
18.6,0.0744,0.5936,0.7042,0.8318,0.5816,0.7067,0.6127,0.4954,0.554,0.657,0.6075,0.6322
18.7,0.1188,0.5765,0.6924,0.8363,0.5498,0.6931,0.5902,0.503,0.5466,0.6525,0.6023,0.6274
18.8,0.1625,0.558,0.6819,0.8353,0.5151,0.6752,0.5656,0.5106,0.5381,0.6468,0.5947,0.6208
18.9,0.205,0.5374,0.6726,0.8281,0.4772,0.6526,0.5392,0.5178,0.5285,0.64,0.5839,0.6119
19,0.2459,0.5131,0.6641,0.8139,0.435,0.6244,0.511,0.524,0.5175,0.6319,0.5692,0.6005
19.1,0.2846,0.4844,0.6558,0.7923,0.3884,0.5904,0.4813,0.5282,0.5047,0.6228,0.5498,0.5863
19.2,0.3195,0.4518,0.6473,0.7645,0.3397,0.5521,0.4509,0.5299,0.4904,0.6136,0.5258,0.5697
19.3,0.3481,0.4173,0.6384,0.7319,0.2919,0.5119,0.4211,0.5294,0.4753,0.605,0.4986,0.5518
19.4,0.3683,0.3827,0.6284,0.6964,0.2478,0.4721,0.3927,0.5268,0.4597,0.5977,0.47,0.5338
19.5,0.379,0.3501,0.6165,0.6592,0.21,0.4346,0.3662,0.5222,0.4442,0.591,0.4415,0.5162
19.6,0.3801,0.3218,0.602,0.6218,0.1808,0.4013,0.3422,0.5157,0.4289,0.584,0.4138,0.4989
19.7,0.3721,0.3,0.5841,0.5865,0.1626,0.3746,0.3214,0.5071,0.4143,0.5761,0.387,0.4816
19.8,0.3562,0.2866,0.5626,0.5555,0.1564,0.3559,0.304,0.4961,0.4,0.5675,0.3616,0.4645
19.9,0.335,0.2826,0.5371,0.5307,0.1616,0.3461,0.2903,0.4819,0.3861,0.5584,0.3395,0.4489
20,0.3117,0.2882,0.5071,0.5126,0.1774,0.345,0.2805,0.4641,0.3723,0.5497,0.323,0.4364
20.1,0.2899,0.3038,0.4724,0.5014,0.2044,0.3529,0.2752,0.4424,0.3588,0.5422,0.3136,0.4279
20.2,0.2735,0.3295,0.4336,0.4966,0.2437,0.3701,0.2744,0.4169,0.3457,0.5362,0.3115,0.4239
20.3,0.2655,0.3647,0.3923,0.498,0.2959,0.3969,0.2784,0.3884,0.3334,0.532,0.3168,0.4244
20.4,0.2677,0.4073,0.3508,0.5051,0.3593,0.4322,0.2872,0.3581,0.3227,0.5297,0.3297,0.4297
20.5,0.2788,0.4536,0.3116,0.5172,0.4295,0.4734,0.3007,0.3272,0.3139,0.529,0.3499,0.4395
20.6,0.295,0.499,0.2773,0.5339,0.5003,0.5171,0.3182,0.297,0.3076,0.5301,0.3755,0.4528
20.7,0.312,0.5397,0.2504,0.5541,0.5658,0.56,0.3389,0.2695,0.3042,0.533,0.4031,0.468
20.8,0.3275,0.5736,0.232,0.5765,0.6223,0.5994,0.3611,0.2456,0.3034,0.5368,0.4289,0.4829
20.9,0.3419,0.6004,0.2227,0.5997,0.668,0.6338,0.3833,0.2261,0.3047,0.541,0.4509,0.4959
21,0.3569,0.6207,0.2223,0.6228,0.7027,0.6628,0.4043,0.2117,0.308,0.5449,0.4684,0.5066
21.1,0.3738,0.635,0.2298,0.6456,0.7266,0.6861,0.4234,0.2027,0.3131,0.5483,0.4818,0.515
21.2,0.3933,0.6441,0.2429,0.6682,0.741,0.7046,0.44,0.1991,0.3195,0.5513,0.4918,0.5216
21.3,0.4139,0.6495,0.2593,0.691,0.7481,0.7196,0.4533,0.2005,0.3269,0.5542,0.4993,0.5268
21.4,0.4332,0.6528,0.2773,0.7139,0.7498,0.7318,0.4637,0.2062,0.3349,0.5574,0.5048,0.5311
21.5,0.4498,0.6558,0.2957,0.7362,0.7482,0.7422,0.4715,0.2159,0.3437,0.5609,0.5091,0.535
21.6,0.4632,0.6593,0.3145,0.7574,0.7446,0.751,0.4775,0.2299,0.3537,0.565,0.5129,0.5389
21.7,0.4728,0.6634,0.3338,0.7773,0.7403,0.7588,0.4825,0.2486,0.3655,0.5704,0.5167,0.5436
21.8,0.4774,0.6684,0.3531,0.7956,0.7363,0.7659,0.487,0.2714,0.3792,0.5773,0.5211,0.5492
21.9,0.4749,0.6743,0.3708,0.8121,0.7322,0.7722,0.491,0.2968,0.3939,0.5852,0.5261,0.5556
22,0.4637,0.6809,0.3854,0.8261,0.7276,0.7768,0.4944,0.3228,0.4086,0.5934,0.5316,0.5625
22.1,0.4435,0.6875,0.3962,0.8367,0.722,0.7793,0.4968,0.3478,0.4223,0.6014,0.5377,0.5695
22.2,0.4165,0.6927,0.4033,0.8435,0.7148,0.7792,0.4978,0.3701,0.4339,0.6089,0.5447,0.5768
22.3,0.3862,0.6953,0.4075,0.8467,0.7059,0.7763,0.4971,0.3882,0.4427,0.6158,0.553,0.5844
22.4,0.3556,0.6954,0.4084,0.8468,0.6956,0.7712,0.4947,0.4009,0.4478,0.6214,0.5625,0.592
22.5,0.3265,0.6936,0.406,0.8448,0.6843,0.7645,0.4908,0.4077,0.4493,0.6251,0.5729,0.599
22.6,0.2996,0.6909,0.4005,0.8408,0.6725,0.7567,0.4857,0.4093,0.4475,0.6266,0.5841,0.6053
22.7,0.2754,0.688,0.3929,0.8352,0.6608,0.748,0.4796,0.4065,0.4431,0.6254,0.5963,0.6109
22.8,0.2541,0.6856,0.3844,0.8285,0.6498,0.7391,0.4732,0.4004,0.4368,0.6215,0.6096,0.6156
22.9,0.2362,0.6845,0.376,0.8211,0.6392,0.7302,0.4669,0.3916,0.4292,0.615,0.6234,0.6192
23,0.2228,0.6848,0.3681,0.8136,0.6286,0.7211,0.4611,0.3804,0.4208,0.6063,0.6365,0.6214
23.1,0.2151,0.6863,0.361,0.8062,0.6171,0.7117,0.4564,0.3671,0.4118,0.5968,0.6481,0.6225
23.2,0.2143,0.6883,0.3549,0.7987,0.6037,0.7012,0.4525,0.352,0.4022,0.5875,0.6577,0.6226
23.3,0.2207,0.6899,0.3501,0.7911,0.5881,0.6896,0.4497,0.3356,0.3927,0.5788,0.6647,0.6217
23.4,0.2335,0.6905,0.3473,0.7832,0.5708,0.677,0.4485,0.3191,0.3838,0.5711,0.6684,0.6197
23.5,0.2516,0.6903,0.347,0.7748,0.5529,0.6638,0.4495,0.3038,0.3767,0.5648,0.6691,0.617
23.6,0.2738,0.6893,0.3499,0.7658,0.5348,0.6503,0.4529,0.2906,0.3718,0.5606,0.6678,0.6142
23.7,0.2989,0.6874,0.3564,0.7563,0.5168,0.6366,0.4588,0.28,0.3694,0.5589,0.6656,0.6123
23.8,0.3255,0.6843,0.3669,0.7468,0.4992,0.623,0.4673,0.2722,0.3697,0.5597,0.6629,0.6113
23.9,0.3528,0.6793,0.3813,0.7378,0.4823,0.6101,0.4789,0.2669,0.3729,0.5625,0.6596,0.6111
24,0.3809,0.6725,0.3996,0.7302,0.4663,0.5982,0.4938,0.264,0.3789,0.567,0.6558,0.6114
24.1,0.4106,0.6637,0.4208,0.7239,0.4514,0.5876,0.5118,0.2629,0.3873,0.5729,0.6522,0.6126
24.2,0.4424,0.6526,0.444,0.7185,0.4378,0.5781,0.5321,0.2631,0.3976,0.5801,0.6496,0.6148
24.3,0.4753,0.6389,0.4686,0.7133,0.4259,0.5696,0.5542,0.264,0.4091,0.5881,0.6483,0.6182
24.4,0.5071,0.6214,0.4933,0.7083,0.4154,0.5618,0.5774,0.2651,0.4212,0.5965,0.6478,0.6221
24.5,0.5366,0.5994,0.517,0.7038,0.4057,0.5547,0.6007,0.2656,0.4332,0.6051,0.6472,0.6262
24.6,0.5642,0.5726,0.5391,0.7005,0.3964,0.5485,0.6236,0.2651,0.4444,0.6138,0.6464,0.6301
24.7,0.5892,0.5415,0.5597,0.6981,0.3872,0.5427,0.6454,0.2639,0.4547,0.6222,0.6453,0.6338
24.8,0.6078,0.507,0.5785,0.6949,0.3772,0.5361,0.6655,0.2621,0.4638,0.6292,0.6437,0.6365
24.9,0.6146,0.4693,0.5945,0.6881,0.3657,0.5269,0.6829,0.2594,0.4711,0.6336,0.6408,0.6372
25,0.6055,0.4283,0.606,0.6762,0.3512,0.5137,0.6965,0.255,0.4758,0.6342,0.6357,0.635
25.1,0.5796,0.3846,0.6112,0.6586,0.3328,0.4957,0.7052,0.2484,0.4768,0.6298,0.6274,0.6286
25.2,0.5391,0.34,0.6088,0.6356,0.3101,0.4728,0.7081,0.2393,0.4737,0.6199,0.6157,0.6178
25.3,0.487,0.2966,0.5987,0.6076,0.2837,0.4456,0.7041,0.2276,0.4659,0.6047,0.6011,0.6029
25.4,0.4266,0.2568,0.5818,0.5749,0.2555,0.4152,0.6931,0.2137,0.4534,0.5849,0.5842,0.5845
25.5,0.3607,0.2216,0.56,0.5386,0.2284,0.3835,0.6754,0.1984,0.4369,0.5611,0.5657,0.5634
25.6,0.2932,0.1915,0.5349,0.501,0.205,0.353,0.6518,0.1826,0.4172,0.5345,0.5465,0.5405
25.7,0.228,0.1672,0.5081,0.4655,0.1884,0.3269,0.6233,0.1676,0.3954,0.5058,0.5274,0.5166
25.8,0.1676,0.1495,0.4807,0.4355,0.1802,0.3079,0.5911,0.1545,0.3728,0.4755,0.509,0.4923
25.9,0.1128,0.1392,0.454,0.4128,0.181,0.2969,0.5565,0.1446,0.3506,0.4444,0.4917,0.468
26,0.0627,0.1367,0.4294,0.397,0.1902,0.2936,0.5207,0.1387,0.3297,0.4128,0.4755,0.4442
26.1,0.0168,0.1421,0.4083,0.3873,0.2074,0.2973,0.4853,0.1376,0.3114,0.382,0.4606,0.4213
26.2,-0.0244,0.1548,0.3915,0.383,0.2315,0.3072,0.4519,0.1417,0.2968,0.3532,0.447,0.4001
26.3,-0.0602,0.174,0.379,0.3837,0.2605,0.3221,0.4221,0.1516,0.2868,0.328,0.4354,0.3817
26.4,-0.0902,0.1989,0.3708,0.3889,0.2925,0.3407,0.3974,0.1677,0.2826,0.3073,0.4262,0.3668
26.5,-0.1149,0.2283,0.367,0.3979,0.3258,0.3618,0.3787,0.1903,0.2845,0.2922,0.42,0.3561
26.6,-0.1351,0.2609,0.3684,0.4096,0.359,0.3843,0.3658,0.2191,0.2924,0.2827,0.4168,0.3498
26.7,-0.1518,0.2956,0.3756,0.4233,0.3913,0.4073,0.3581,0.2538,0.3059,0.279,0.4165,0.3477
26.8,-0.1657,0.3315,0.3884,0.4388,0.4223,0.4305,0.3549,0.2938,0.3243,0.2809,0.419,0.35
26.9,-0.1775,0.3675,0.4053,0.4557,0.4511,0.4534,0.3553,0.338,0.3466,0.2883,0.4242,0.3563
27,-0.1874,0.4021,0.4238,0.4738,0.4765,0.4751,0.3585,0.3843,0.3714,0.3005,0.4317,0.3661
27.1,-0.1952,0.4337,0.442,0.4928,0.4972,0.495,0.3641,0.4305,0.3973,0.3163,0.4405,0.3784
27.2,-0.2001,0.4607,0.4583,0.5123,0.5123,0.5123,0.3719,0.4744,0.4232,0.3345,0.4495,0.392
27.3,-0.2009,0.4822,0.4717,0.5317,0.5208,0.5263,0.3812,0.5142,0.4477,0.3539,0.4583,0.4061
27.4,-0.1971,0.4975,0.4818,0.5502,0.5224,0.5363,0.391,0.5484,0.4697,0.3738,0.467,0.4204
27.5,-0.1888,0.5066,0.4888,0.5671,0.5173,0.5422,0.4003,0.5765,0.4884,0.3942,0.4755,0.4349
27.6,-0.1771,0.5092,0.4933,0.5817,0.5062,0.5439,0.4093,0.5989,0.5041,0.4152,0.484,0.4496
27.7,-0.1633,0.5054,0.4958,0.5934,0.4898,0.5416,0.4183,0.616,0.5171,0.4362,0.4921,0.4642
27.8,-0.1485,0.4955,0.4963,0.6014,0.4684,0.5349,0.4277,0.6278,0.5277,0.4568,0.4995,0.4781
27.9,-0.1338,0.4797,0.495,0.6051,0.4421,0.5236,0.4374,0.6344,0.5359,0.4761,0.5056,0.4909
28,-0.1207,0.4588,0.4914,0.6042,0.4113,0.5077,0.4474,0.636,0.5417,0.4932,0.5103,0.5017
28.1,-0.1115,0.4339,0.4846,0.5986,0.3771,0.4878,0.4571,0.6328,0.545,0.5076,0.5132,0.5104
28.2,-0.1075,0.4059,0.4734,0.5887,0.341,0.4648,0.4655,0.6247,0.5451,0.5195,0.5142,0.5168
28.3,-0.1081,0.3759,0.4575,0.5753,0.3042,0.4398,0.4715,0.6113,0.5414,0.5293,0.5131,0.5212
28.4,-0.1115,0.3448,0.437,0.5598,0.2679,0.4138,0.474,0.5925,0.5332,0.5381,0.5107,0.5244
28.5,-0.1153,0.3139,0.4137,0.543,0.233,0.388,0.4726,0.569,0.5208,0.547,0.5082,0.5276
28.6,-0.1181,0.2847,0.3891,0.5257,0.2002,0.363,0.467,0.5424,0.5047,0.557,0.5073,0.5322
28.7,-0.1189,0.258,0.3641,0.5087,0.1705,0.3396,0.457,0.5141,0.4855,0.5685,0.5084,0.5384
28.8,-0.1172,0.2343,0.339,0.4931,0.1447,0.3189,0.4424,0.4853,0.4639,0.5806,0.5113,0.5459
28.9,-0.112,0.2137,0.3139,0.4796,0.1236,0.3016,0.4236,0.4568,0.4402,0.5923,0.515,0.5537
29,-0.1023,0.196,0.2891,0.4686,0.1075,0.288,0.4012,0.4287,0.4149,0.6016,0.5188,0.5602
29.1,-0.0874,0.1813,0.2648,0.4597,0.0961,0.2779,0.3758,0.4006,0.3882,0.6068,0.5215,0.5641
29.2,-0.0676,0.1697,0.2405,0.4514,0.0893,0.2704,0.3484,0.3725,0.3604,0.6062,0.5219,0.564
29.3,-0.0431,0.1614,0.2152,0.4427,0.0876,0.2651,0.3199,0.3449,0.3324,0.5988,0.5188,0.5588
29.4,-0.0135,0.1569,0.1884,0.4328,0.0919,0.2623,0.2923,0.3186,0.3054,0.5847,0.5121,0.5484
29.5,0.0224,0.1563,0.1605,0.4219,0.1028,0.2623,0.2676,0.2947,0.2812,0.5654,0.5026,0.534
29.6,0.0651,0.16,0.1327,0.4106,0.1205,0.2656,0.2484,0.2746,0.2615,0.5426,0.4923,0.5174
29.7,0.1143,0.1683,0.1065,0.3997,0.1443,0.272,0.2365,0.2593,0.2479,0.5181,0.4832,0.5006
29.8,0.169,0.1816,0.0827,0.3893,0.1732,0.2812,0.2319,0.2491,0.2405,0.4931,0.4762,0.4846
29.9,0.2277,0.1997,0.0621,0.3791,0.2057,0.2924,0.2337,0.2437,0.2387,0.468,0.4712,0.4696
