Time,A2 Milk - Only A2 Will Do 30 TVC,A2 Milk - Only A2 Will Do 30 TVC,A2 Milk - Only A2 Will Do 30 TVC,A2 Milk - Only A2 Will Do 30 TVC,A2 Milk - Only A2 Will Do 30 TVC,A2 Milk - Only A2 Will Do 30 TVC,A2 Milk - Only A2 Will Do 30 TVC,A2 Milk - Only A2 Will Do 30 TVC,A2 Milk - Only A2 Will Do 30 TVC,A2 Milk - Only A2 Will Do 30 TVC,A2 Milk - Only A2 Will Do 30 TVC,A2 Milk - Only A2 Will Do 30 TVC
,Approach / Withdraw,Engagement,Emotional Intensity,Memory Encoding - Detail,Memory Encoding - Global,Memory Encoding - Composite,General Attention - Detail,General Attention - Global,General Attention - Composite,Visual Attention - Detail,Visual Attention - Global,Visual Attention - Composite
0,0.0334,0.4386,0.3612,0.3897,0.6257,0.5077,0.4917,0.5104,0.501,0.5099,0.4998,0.5048
0.1,0.0023,0.4482,0.3606,0.3957,0.6383,0.517,0.5178,0.5284,0.5231,0.5248,0.4938,0.5093
0.2,-0.027,0.4603,0.3662,0.404,0.653,0.5285,0.5465,0.5493,0.5479,0.5416,0.49,0.5158
0.3,-0.0531,0.4751,0.3774,0.4153,0.6693,0.5423,0.5762,0.5726,0.5744,0.5593,0.4886,0.5239
0.4,-0.0737,0.4921,0.3927,0.4299,0.6865,0.5582,0.6049,0.5973,0.6011,0.577,0.4898,0.5334
0.5,-0.0869,0.5103,0.4107,0.4466,0.7036,0.5751,0.6309,0.6222,0.6265,0.594,0.4938,0.5439
0.6,-0.0917,0.5288,0.4302,0.4639,0.7197,0.5918,0.6533,0.6471,0.6502,0.6104,0.5008,0.5556
0.7,-0.0887,0.547,0.451,0.4798,0.7344,0.6071,0.6722,0.6724,0.6723,0.6267,0.5113,0.569
0.8,-0.0808,0.5644,0.4723,0.4933,0.7479,0.6206,0.6881,0.6988,0.6935,0.6438,0.5253,0.5846
0.9,-0.0707,0.5809,0.4922,0.5043,0.7601,0.6322,0.7012,0.7259,0.7135,0.6622,0.5426,0.6024
1,-0.0596,0.5958,0.5087,0.513,0.7704,0.6417,0.7113,0.7525,0.7319,0.6821,0.5626,0.6224
1.1,-0.0478,0.6087,0.5209,0.5197,0.7783,0.649,0.718,0.7775,0.7477,0.7036,0.5847,0.6442
1.2,-0.0357,0.6197,0.5292,0.5243,0.7833,0.6538,0.7216,0.8002,0.7609,0.7261,0.6081,0.6671
1.3,-0.0247,0.6286,0.5347,0.5267,0.7852,0.656,0.7229,0.8204,0.7717,0.7485,0.6314,0.69
1.4,-0.0164,0.6357,0.5383,0.5267,0.7841,0.6554,0.7226,0.8373,0.7799,0.7697,0.6537,0.7117
1.5,-0.0122,0.6409,0.5403,0.5242,0.78,0.6521,0.7209,0.8501,0.7855,0.7886,0.6743,0.7314
1.6,-0.0117,0.6443,0.5407,0.5195,0.7733,0.6464,0.7183,0.8579,0.7881,0.8044,0.6923,0.7484
1.7,-0.0142,0.6458,0.5395,0.5132,0.764,0.6386,0.7151,0.8609,0.788,0.8166,0.7071,0.7618
1.8,-0.0191,0.6454,0.537,0.5058,0.7524,0.6291,0.7118,0.8598,0.7858,0.8251,0.7185,0.7718
1.9,-0.0268,0.6429,0.5337,0.4975,0.739,0.6182,0.7091,0.8561,0.7826,0.8301,0.7272,0.7786
2,-0.037,0.6378,0.53,0.4881,0.724,0.6061,0.7073,0.8508,0.779,0.8314,0.7333,0.7823
2.1,-0.0492,0.6303,0.5263,0.4777,0.708,0.5928,0.706,0.844,0.775,0.8287,0.7367,0.7827
2.2,-0.0623,0.621,0.5231,0.4669,0.6912,0.5791,0.7046,0.8356,0.7701,0.8217,0.737,0.7794
2.3,-0.075,0.6112,0.5203,0.4567,0.6744,0.5656,0.7024,0.8261,0.7642,0.8106,0.734,0.7723
2.4,-0.0863,0.6015,0.5177,0.448,0.6579,0.5529,0.6991,0.8162,0.7577,0.7959,0.7275,0.7617
2.5,-0.0962,0.5924,0.5155,0.4409,0.6414,0.5411,0.6947,0.8067,0.7507,0.7779,0.7173,0.7476
2.6,-0.1042,0.5845,0.5138,0.4355,0.625,0.5303,0.6892,0.798,0.7436,0.757,0.7038,0.7304
2.7,-0.1104,0.578,0.5132,0.4319,0.6094,0.5207,0.6824,0.79,0.7362,0.7335,0.6875,0.7105
2.8,-0.1151,0.5735,0.514,0.4299,0.5951,0.5125,0.6737,0.7825,0.7281,0.7084,0.6692,0.6888
2.9,-0.1192,0.5714,0.5164,0.4293,0.5827,0.506,0.6624,0.7754,0.7189,0.6827,0.6499,0.6663
3,-0.1225,0.5715,0.5199,0.4299,0.5726,0.5012,0.6479,0.7684,0.7081,0.6572,0.6302,0.6437
3.1,-0.124,0.5738,0.524,0.4318,0.5648,0.4983,0.63,0.7614,0.6957,0.6324,0.6106,0.6215
3.2,-0.1233,0.5781,0.5283,0.4351,0.5598,0.4974,0.6092,0.7548,0.682,0.6085,0.5913,0.5999
3.3,-0.1203,0.5844,0.5318,0.4399,0.558,0.4989,0.5862,0.7489,0.6675,0.5861,0.5727,0.5794
3.4,-0.1159,0.5928,0.5342,0.4464,0.5603,0.5034,0.5618,0.7442,0.653,0.5654,0.5548,0.5601
3.5,-0.1121,0.6034,0.5356,0.4555,0.5669,0.5112,0.5372,0.7414,0.6393,0.5469,0.5375,0.5422
3.6,-0.1099,0.6157,0.5362,0.4672,0.5779,0.5225,0.5137,0.7405,0.6271,0.5311,0.5214,0.5263
3.7,-0.1094,0.6292,0.5361,0.481,0.5924,0.5367,0.4925,0.7409,0.6167,0.5188,0.507,0.5129
3.8,-0.1108,0.6432,0.535,0.4955,0.6099,0.5527,0.4748,0.7418,0.6083,0.5106,0.4946,0.5026
3.9,-0.1151,0.6573,0.5334,0.5097,0.63,0.5698,0.4612,0.743,0.6021,0.5068,0.4845,0.4956
4,-0.1238,0.6713,0.5323,0.5229,0.6526,0.5878,0.4527,0.7449,0.5988,0.5074,0.4766,0.492
4.1,-0.1377,0.6848,0.5326,0.5354,0.6777,0.6065,0.4502,0.7482,0.5992,0.5119,0.4711,0.4915
4.2,-0.1562,0.6974,0.5352,0.547,0.7045,0.6258,0.4545,0.7529,0.6037,0.5198,0.4678,0.4938
4.3,-0.1776,0.7086,0.5399,0.5573,0.7315,0.6444,0.4662,0.7584,0.6123,0.5305,0.4668,0.4986
4.4,-0.2003,0.7179,0.547,0.5644,0.7573,0.6609,0.4852,0.7645,0.6249,0.5434,0.468,0.5057
4.5,-0.2235,0.7246,0.557,0.567,0.781,0.674,0.5117,0.7714,0.6416,0.5581,0.4714,0.5147
4.6,-0.2475,0.7284,0.5708,0.5646,0.8022,0.6834,0.5459,0.78,0.6629,0.574,0.4771,0.5256
4.7,-0.2723,0.7298,0.5883,0.5575,0.8204,0.689,0.5872,0.7907,0.689,0.5908,0.4854,0.5381
4.8,-0.2967,0.7292,0.6088,0.5464,0.835,0.6907,0.6341,0.8033,0.7187,0.6082,0.4961,0.5521
4.9,-0.3187,0.7271,0.6305,0.5324,0.8452,0.6888,0.6841,0.8168,0.7505,0.6261,0.5086,0.5674
5,-0.3373,0.7231,0.6519,0.5163,0.8503,0.6833,0.7343,0.8302,0.7822,0.6439,0.5217,0.5828
5.1,-0.353,0.7165,0.6717,0.499,0.8506,0.6748,0.7815,0.8428,0.8122,0.6603,0.5344,0.5973
5.2,-0.3675,0.7071,0.6893,0.4812,0.8468,0.664,0.8229,0.8539,0.8384,0.6737,0.5457,0.6097
5.3,-0.3814,0.695,0.7045,0.4634,0.8398,0.6516,0.8559,0.8623,0.8591,0.6825,0.5554,0.619
5.4,-0.3946,0.681,0.7168,0.4465,0.8303,0.6384,0.8789,0.8668,0.8728,0.6859,0.5629,0.6244
5.5,-0.4057,0.6656,0.7256,0.431,0.8188,0.6249,0.8913,0.8665,0.8789,0.6836,0.5676,0.6256
5.6,-0.4136,0.6489,0.7302,0.417,0.8052,0.6111,0.8937,0.8614,0.8776,0.6757,0.5691,0.6224
5.7,-0.4183,0.6306,0.7298,0.4037,0.7895,0.5966,0.8869,0.8521,0.8695,0.6628,0.5672,0.615
5.8,-0.4207,0.6104,0.7247,0.3903,0.7718,0.581,0.8721,0.8395,0.8558,0.645,0.5623,0.6036
5.9,-0.421,0.589,0.716,0.3759,0.753,0.5645,0.8505,0.8243,0.8374,0.6228,0.5552,0.589
6,-0.4186,0.5669,0.7055,0.3604,0.7342,0.5473,0.8237,0.8072,0.8155,0.5967,0.547,0.5719
6.1,-0.4131,0.5448,0.6947,0.3438,0.7163,0.53,0.793,0.7891,0.791,0.5679,0.5382,0.553
6.2,-0.4042,0.5233,0.6842,0.3265,0.6991,0.5128,0.7595,0.7705,0.765,0.5372,0.5289,0.5331
6.3,-0.3922,0.5027,0.6743,0.3087,0.6826,0.4956,0.7243,0.7519,0.7381,0.5057,0.519,0.5124
6.4,-0.3778,0.4838,0.6646,0.2908,0.6668,0.4788,0.6883,0.7333,0.7108,0.4738,0.5083,0.4911
6.5,-0.362,0.4671,0.6552,0.2729,0.6523,0.4626,0.6525,0.7149,0.6837,0.442,0.497,0.4695
6.6,-0.3465,0.4534,0.6464,0.2554,0.6399,0.4477,0.6178,0.6966,0.6572,0.4109,0.4852,0.4481
6.7,-0.3328,0.4428,0.6387,0.2385,0.6301,0.4343,0.5854,0.6788,0.6321,0.3816,0.4737,0.4277
6.8,-0.3215,0.4352,0.6328,0.2225,0.6226,0.4225,0.5563,0.6617,0.609,0.3551,0.463,0.409
6.9,-0.3124,0.4301,0.6286,0.2075,0.6168,0.4121,0.5314,0.6453,0.5884,0.3323,0.4535,0.3929
7,-0.3042,0.4273,0.6258,0.1935,0.6123,0.4029,0.511,0.6296,0.5703,0.3134,0.4455,0.3795
7.1,-0.2967,0.4264,0.6236,0.1806,0.6095,0.395,0.4951,0.6143,0.5547,0.2987,0.439,0.3688
7.2,-0.2909,0.4274,0.6216,0.1693,0.6089,0.3891,0.4835,0.6001,0.5418,0.2881,0.4341,0.3611
7.3,-0.2885,0.4299,0.6201,0.1598,0.611,0.3854,0.4766,0.5878,0.5322,0.2819,0.4311,0.3565
7.4,-0.2903,0.4337,0.619,0.1526,0.6152,0.3839,0.4749,0.5783,0.5266,0.28,0.4304,0.3552
7.5,-0.2951,0.4381,0.618,0.1474,0.6204,0.3839,0.4788,0.5718,0.5253,0.2827,0.4323,0.3575
7.6,-0.3016,0.4427,0.6162,0.1444,0.6259,0.3852,0.4885,0.5682,0.5283,0.2902,0.437,0.3636
7.7,-0.3091,0.4472,0.613,0.1433,0.6312,0.3872,0.5031,0.5674,0.5352,0.3029,0.4446,0.3737
7.8,-0.3186,0.4512,0.6079,0.1438,0.6361,0.3899,0.5217,0.5689,0.5453,0.3209,0.4549,0.3879
7.9,-0.3308,0.4546,0.6003,0.1461,0.6406,0.3934,0.5434,0.5723,0.5578,0.343,0.4671,0.4051
8,-0.3452,0.4577,0.5898,0.151,0.6448,0.3979,0.5666,0.5763,0.5715,0.3676,0.4802,0.4239
8.1,-0.3603,0.4608,0.576,0.1594,0.6483,0.4039,0.5896,0.58,0.5848,0.3929,0.4931,0.443
8.2,-0.3752,0.4642,0.5589,0.1724,0.6514,0.4119,0.6112,0.5823,0.5967,0.4174,0.5051,0.4612
8.3,-0.3907,0.468,0.5393,0.1903,0.6547,0.4225,0.6302,0.5826,0.6064,0.4397,0.5152,0.4775
8.4,-0.4087,0.4719,0.5184,0.2128,0.6585,0.4356,0.6458,0.581,0.6134,0.4587,0.5229,0.4908
8.5,-0.4293,0.4758,0.4974,0.2391,0.6629,0.451,0.6576,0.5779,0.6177,0.4733,0.5275,0.5004
8.6,-0.4509,0.4798,0.4773,0.2683,0.6675,0.4679,0.6654,0.5737,0.6196,0.4832,0.5286,0.5059
8.7,-0.471,0.484,0.4584,0.2994,0.6716,0.4855,0.6701,0.569,0.6195,0.488,0.5259,0.5069
8.8,-0.4876,0.4883,0.4406,0.3313,0.6743,0.5028,0.6727,0.5646,0.6187,0.4882,0.5192,0.5037
8.9,-0.4992,0.4919,0.4244,0.3626,0.6751,0.5188,0.6743,0.5612,0.6177,0.4848,0.5089,0.4969
9,-0.505,0.4943,0.4099,0.3925,0.6735,0.533,0.675,0.559,0.617,0.4787,0.4956,0.4872
9.1,-0.505,0.4954,0.3981,0.4207,0.6697,0.5452,0.675,0.5582,0.6166,0.4709,0.4802,0.4755
9.2,-0.4999,0.4955,0.39,0.4469,0.6642,0.5556,0.6745,0.5591,0.6168,0.4622,0.4638,0.463
9.3,-0.4901,0.4951,0.3867,0.4708,0.6578,0.5643,0.6741,0.5619,0.618,0.4536,0.4477,0.4507
9.4,-0.4765,0.4943,0.3887,0.492,0.6506,0.5713,0.6749,0.5673,0.6211,0.4458,0.432,0.4389
9.5,-0.4587,0.4932,0.3959,0.5107,0.6426,0.5766,0.6774,0.5752,0.6263,0.4389,0.4165,0.4277
9.6,-0.436,0.4919,0.4076,0.5274,0.6338,0.5806,0.6818,0.5854,0.6336,0.4327,0.4008,0.4168
9.7,-0.4075,0.4909,0.4227,0.5429,0.6248,0.5838,0.6876,0.5976,0.6426,0.4271,0.3855,0.4063
9.8,-0.3737,0.4907,0.4407,0.5574,0.6166,0.587,0.6948,0.6114,0.6531,0.4223,0.3711,0.3967
9.9,-0.336,0.4919,0.4614,0.5709,0.6095,0.5902,0.7034,0.6269,0.6651,0.4179,0.3583,0.3881
10,-0.2956,0.4945,0.4848,0.5832,0.6036,0.5934,0.7129,0.6441,0.6785,0.4137,0.3475,0.3806
10.1,-0.253,0.4988,0.5105,0.5943,0.5986,0.5964,0.7227,0.6632,0.6929,0.4096,0.3386,0.3741
10.2,-0.2076,0.5046,0.5371,0.6046,0.5947,0.5996,0.732,0.6837,0.7078,0.4052,0.3316,0.3684
10.3,-0.1594,0.5121,0.5637,0.6146,0.5922,0.6034,0.74,0.7051,0.7225,0.4003,0.3261,0.3632
10.4,-0.1096,0.5215,0.5896,0.625,0.5917,0.6083,0.7466,0.7266,0.7366,0.3946,0.3219,0.3582
10.5,-0.061,0.5333,0.615,0.6357,0.5935,0.6146,0.7519,0.7483,0.7501,0.3883,0.3185,0.3534
10.6,-0.0159,0.5477,0.6402,0.6467,0.5975,0.6221,0.7559,0.7705,0.7632,0.382,0.3163,0.3492
10.7,0.0249,0.565,0.6657,0.6578,0.6032,0.6305,0.7583,0.7933,0.7758,0.3766,0.3157,0.3461
10.8,0.0617,0.5851,0.6916,0.6692,0.6104,0.6398,0.7592,0.8161,0.7876,0.3725,0.3171,0.3448
10.9,0.095,0.6076,0.7181,0.6813,0.6192,0.6502,0.7582,0.838,0.7981,0.3701,0.3209,0.3455
11,0.1234,0.6318,0.7448,0.6942,0.6301,0.6621,0.7549,0.8579,0.8064,0.3697,0.3271,0.3484
11.1,0.1446,0.6566,0.7713,0.7079,0.6432,0.6755,0.7486,0.8748,0.8117,0.3711,0.3354,0.3533
11.2,0.157,0.6808,0.7968,0.7216,0.6581,0.6899,0.7385,0.8879,0.8132,0.3735,0.3451,0.3593
11.3,0.1602,0.7035,0.8201,0.7345,0.6736,0.704,0.724,0.8968,0.8104,0.376,0.3551,0.3656
11.4,0.1551,0.7238,0.8405,0.7458,0.6886,0.7172,0.7051,0.9013,0.8032,0.3777,0.3646,0.3712
11.5,0.1422,0.7415,0.8579,0.7549,0.7027,0.7288,0.6821,0.9015,0.7918,0.3784,0.3732,0.3758
11.6,0.1219,0.7564,0.8722,0.7615,0.7158,0.7387,0.6558,0.8976,0.7767,0.3782,0.3807,0.3794
11.7,0.0946,0.7683,0.8834,0.7652,0.7279,0.7466,0.6272,0.8897,0.7585,0.3772,0.3868,0.382
11.8,0.0618,0.777,0.8913,0.7655,0.7385,0.752,0.5979,0.8783,0.7381,0.3756,0.3912,0.3834
11.9,0.0257,0.7825,0.8956,0.762,0.7468,0.7544,0.5694,0.8636,0.7165,0.3734,0.3939,0.3837
12,-0.0113,0.7846,0.8963,0.7547,0.7523,0.7535,0.543,0.846,0.6945,0.3713,0.3952,0.3833
12.1,-0.0478,0.7837,0.8932,0.7442,0.7547,0.7494,0.5196,0.8257,0.6727,0.3701,0.3959,0.383
12.2,-0.0826,0.7798,0.886,0.7307,0.7536,0.7422,0.4994,0.8027,0.6511,0.3705,0.3967,0.3836
12.3,-0.1156,0.7727,0.8737,0.7148,0.7488,0.7318,0.4824,0.7767,0.6295,0.3724,0.3978,0.3851
12.4,-0.1465,0.7626,0.8552,0.697,0.7406,0.7188,0.4686,0.7478,0.6082,0.3752,0.399,0.3871
12.5,-0.175,0.7504,0.8299,0.6781,0.7296,0.7039,0.4584,0.7165,0.5875,0.3778,0.4002,0.389
12.6,-0.2004,0.7371,0.7982,0.6592,0.7173,0.6883,0.4523,0.6841,0.5682,0.3795,0.4013,0.3904
12.7,-0.2214,0.7242,0.7609,0.6416,0.7045,0.6731,0.4504,0.6518,0.5511,0.3793,0.4021,0.3907
12.8,-0.2373,0.7123,0.7185,0.6261,0.692,0.659,0.4523,0.6207,0.5365,0.3766,0.4022,0.3894
12.9,-0.2474,0.7019,0.6717,0.6133,0.6802,0.6468,0.4567,0.5911,0.5239,0.3708,0.4007,0.3858
13,-0.2518,0.6929,0.6212,0.6034,0.6698,0.6366,0.4622,0.5629,0.5126,0.3619,0.3976,0.3797
13.1,-0.2519,0.6851,0.5682,0.5961,0.6607,0.6284,0.468,0.5363,0.5022,0.3501,0.3933,0.3717
13.2,-0.2493,0.678,0.5147,0.591,0.6526,0.6218,0.4735,0.5118,0.4926,0.3357,0.3882,0.3619
13.3,-0.2454,0.6709,0.4626,0.5873,0.6449,0.6161,0.4786,0.49,0.4843,0.3194,0.3824,0.3509
13.4,-0.2407,0.6633,0.414,0.5845,0.6373,0.6109,0.4833,0.4712,0.4772,0.3016,0.3756,0.3386
13.5,-0.2355,0.655,0.3703,0.5829,0.6305,0.6067,0.4876,0.4557,0.4716,0.2834,0.3672,0.3253
13.6,-0.2306,0.6462,0.3324,0.583,0.6255,0.6043,0.4916,0.4432,0.4674,0.2659,0.3574,0.3117
13.7,-0.2272,0.6372,0.3012,0.5848,0.6229,0.6038,0.4951,0.4336,0.4644,0.25,0.3465,0.2982
13.8,-0.2259,0.6279,0.2774,0.5872,0.6222,0.6047,0.4978,0.4269,0.4624,0.2359,0.3347,0.2853
13.9,-0.2259,0.6176,0.2606,0.5886,0.6223,0.6054,0.4994,0.423,0.4612,0.224,0.3225,0.2733
14,-0.2251,0.6057,0.2506,0.588,0.6222,0.6051,0.4993,0.4215,0.4604,0.2146,0.3104,0.2625
14.1,-0.2216,0.5918,0.2471,0.5848,0.6216,0.6032,0.4971,0.4218,0.4594,0.2076,0.2989,0.2533
14.2,-0.2153,0.576,0.2496,0.5795,0.6207,0.6001,0.4922,0.4229,0.4575,0.2029,0.2886,0.2458
14.3,-0.208,0.5587,0.2566,0.5715,0.6194,0.5955,0.4841,0.4239,0.454,0.2,0.2798,0.2399
14.4,-0.2027,0.5399,0.266,0.5599,0.6174,0.5887,0.4727,0.4244,0.4485,0.1985,0.2722,0.2354
14.5,-0.2015,0.5198,0.2764,0.543,0.6136,0.5783,0.4583,0.4242,0.4412,0.1979,0.2659,0.2319
14.6,-0.2043,0.4987,0.2871,0.5204,0.6074,0.5639,0.4418,0.4233,0.4325,0.1981,0.2606,0.2293
14.7,-0.21,0.4778,0.2981,0.493,0.5992,0.5461,0.4238,0.4217,0.4227,0.1989,0.2563,0.2276
14.8,-0.2171,0.4582,0.3092,0.4627,0.5899,0.5263,0.4051,0.4194,0.4122,0.2006,0.2529,0.2268
14.9,-0.2255,0.4408,0.3201,0.4308,0.5808,0.5058,0.3862,0.4164,0.4013,0.2034,0.2507,0.2271
15,-0.2357,0.4257,0.3304,0.3976,0.5722,0.4849,0.3677,0.4129,0.3903,0.2077,0.2497,0.2287
15.1,-0.2482,0.4127,0.3401,0.3631,0.5642,0.4637,0.3504,0.4089,0.3797,0.2135,0.2499,0.2317
15.2,-0.2625,0.4013,0.3489,0.3278,0.5565,0.4421,0.3347,0.4045,0.3696,0.2206,0.2512,0.2359
15.3,-0.2774,0.3911,0.3565,0.2926,0.5491,0.4209,0.3208,0.3998,0.3603,0.2287,0.2532,0.2409
15.4,-0.2918,0.3823,0.3627,0.2592,0.542,0.4006,0.3083,0.3955,0.3519,0.2378,0.2556,0.2467
15.5,-0.3054,0.3748,0.3675,0.2285,0.5355,0.382,0.2974,0.3922,0.3448,0.2473,0.2583,0.2528
15.6,-0.3184,0.3686,0.371,0.2011,0.5298,0.3654,0.2885,0.3902,0.3393,0.2565,0.2608,0.2586
15.7,-0.3304,0.3635,0.3731,0.1771,0.5249,0.351,0.2822,0.3897,0.336,0.2646,0.2627,0.2636
15.8,-0.3402,0.3596,0.3742,0.1574,0.5209,0.3391,0.2793,0.3907,0.335,0.2712,0.2632,0.2672
15.9,-0.3461,0.3571,0.3751,0.1429,0.5176,0.3302,0.2798,0.393,0.3364,0.2762,0.2622,0.2692
16,-0.3466,0.3564,0.3767,0.1349,0.5147,0.3248,0.2836,0.3968,0.3402,0.2798,0.2598,0.2698
16.1,-0.3408,0.3576,0.3797,0.134,0.5122,0.3231,0.2901,0.4023,0.3462,0.2821,0.2566,0.2694
16.2,-0.3289,0.3603,0.3842,0.1401,0.5094,0.3247,0.2989,0.4095,0.3542,0.2833,0.2532,0.2683
16.3,-0.3113,0.3641,0.3902,0.1525,0.506,0.3292,0.3096,0.418,0.3638,0.2837,0.2501,0.2669
16.4,-0.2891,0.3687,0.3974,0.1707,0.5019,0.3363,0.3222,0.4275,0.3749,0.2838,0.2476,0.2657
16.5,-0.2631,0.3744,0.406,0.1943,0.4973,0.3458,0.3365,0.438,0.3872,0.284,0.2461,0.2651
16.6,-0.2348,0.3815,0.4162,0.2229,0.4927,0.3578,0.3523,0.4496,0.401,0.2847,0.2459,0.2653
16.7,-0.2058,0.3904,0.4284,0.2555,0.4887,0.3721,0.3696,0.4627,0.4162,0.2863,0.2474,0.2668
16.8,-0.1775,0.401,0.4424,0.2908,0.4859,0.3883,0.3883,0.4773,0.4328,0.2895,0.2507,0.2701
16.9,-0.151,0.4133,0.4575,0.3272,0.4849,0.406,0.4079,0.4933,0.4506,0.295,0.2562,0.2756
17,-0.1274,0.4267,0.4734,0.3633,0.486,0.4247,0.4279,0.5106,0.4692,0.3025,0.2643,0.2834
17.1,-0.107,0.4408,0.4899,0.3983,0.489,0.4436,0.4479,0.5289,0.4884,0.3119,0.2751,0.2935
17.2,-0.0906,0.4553,0.5075,0.431,0.4938,0.4624,0.4679,0.5481,0.508,0.3228,0.2888,0.3058
17.3,-0.0789,0.4701,0.5265,0.4609,0.5004,0.4806,0.488,0.5679,0.528,0.3353,0.3055,0.3204
17.4,-0.0731,0.4854,0.5473,0.4875,0.5091,0.4983,0.5082,0.5878,0.548,0.3493,0.3252,0.3373
17.5,-0.0746,0.5011,0.5696,0.5111,0.5203,0.5157,0.5284,0.6071,0.5678,0.3648,0.348,0.3564
17.6,-0.0843,0.5166,0.5929,0.5315,0.5339,0.5327,0.5485,0.625,0.5868,0.3812,0.3734,0.3773
17.7,-0.1026,0.5313,0.6161,0.548,0.5489,0.5485,0.5686,0.6406,0.6046,0.3982,0.4012,0.3997
17.8,-0.1284,0.5443,0.6388,0.5601,0.5641,0.5621,0.5885,0.6529,0.6207,0.4155,0.4311,0.4233
17.9,-0.1592,0.5554,0.6609,0.5674,0.5784,0.5729,0.6079,0.6613,0.6346,0.433,0.4624,0.4477
18,-0.1919,0.5644,0.682,0.5708,0.5918,0.5813,0.6261,0.6653,0.6457,0.4505,0.4938,0.4722
18.1,-0.224,0.5714,0.7011,0.5711,0.6048,0.5879,0.6423,0.6647,0.6535,0.468,0.5238,0.4959
18.2,-0.2545,0.5764,0.717,0.5688,0.6178,0.5933,0.6557,0.6597,0.6577,0.485,0.5516,0.5183
18.3,-0.2835,0.579,0.7295,0.564,0.6308,0.5974,0.6659,0.6504,0.6582,0.5008,0.5765,0.5386
18.4,-0.3102,0.579,0.7387,0.557,0.6434,0.6002,0.6725,0.6375,0.655,0.5142,0.5978,0.556
18.5,-0.3328,0.5764,0.7448,0.5483,0.6551,0.6017,0.6743,0.6214,0.6479,0.5243,0.6146,0.5695
18.6,-0.3493,0.5711,0.7476,0.5389,0.6655,0.6022,0.6707,0.603,0.6368,0.5306,0.6266,0.5786
18.7,-0.3582,0.5632,0.7468,0.5294,0.6738,0.6016,0.6614,0.5825,0.622,0.5328,0.6339,0.5834
18.8,-0.3591,0.5531,0.7421,0.5206,0.68,0.6003,0.6471,0.5604,0.6037,0.5309,0.6364,0.5837
18.9,-0.3522,0.5413,0.7333,0.5128,0.6838,0.5983,0.6285,0.5369,0.5827,0.5248,0.6337,0.5793
19,-0.3382,0.5282,0.7207,0.506,0.6854,0.5957,0.6068,0.5123,0.5596,0.5149,0.6257,0.5703
19.1,-0.3171,0.5147,0.7046,0.5013,0.685,0.5931,0.5826,0.4875,0.535,0.5014,0.6131,0.5573
19.2,-0.2884,0.502,0.6854,0.5001,0.683,0.5916,0.5569,0.4633,0.5101,0.4853,0.5969,0.5411
19.3,-0.2527,0.4908,0.6637,0.5036,0.6802,0.5919,0.5309,0.4411,0.486,0.4678,0.5785,0.5232
19.4,-0.2114,0.482,0.6404,0.5118,0.677,0.5944,0.5059,0.422,0.4639,0.45,0.5589,0.5044
19.5,-0.167,0.4758,0.6164,0.5243,0.6739,0.5991,0.4832,0.4071,0.4452,0.4325,0.5383,0.4854
19.6,-0.1223,0.4722,0.5925,0.5405,0.6713,0.6059,0.4636,0.3971,0.4304,0.416,0.5167,0.4664
19.7,-0.0799,0.471,0.5693,0.5601,0.6696,0.6149,0.447,0.3919,0.4194,0.4006,0.4941,0.4474
19.8,-0.0414,0.4724,0.5471,0.5828,0.6693,0.6261,0.4333,0.391,0.4121,0.3864,0.4704,0.4284
19.9,-0.0076,0.4761,0.5269,0.6082,0.6707,0.6394,0.4225,0.3944,0.4084,0.3731,0.446,0.4095
20,0.0205,0.482,0.5093,0.6347,0.674,0.6544,0.4145,0.4021,0.4083,0.3607,0.4212,0.391
20.1,0.0422,0.489,0.4948,0.6608,0.6788,0.6698,0.409,0.4135,0.4113,0.3496,0.3965,0.3731
20.2,0.057,0.4965,0.4831,0.6852,0.6848,0.685,0.4054,0.4276,0.4165,0.3402,0.3726,0.3564
20.3,0.0648,0.5041,0.4741,0.7075,0.6914,0.6995,0.4034,0.4428,0.4231,0.3327,0.3496,0.3411
20.4,0.0663,0.5117,0.4676,0.7278,0.6982,0.713,0.4028,0.4584,0.4306,0.3272,0.3277,0.3274
20.5,0.0623,0.5197,0.4636,0.7462,0.7045,0.7253,0.4038,0.4737,0.4388,0.3236,0.3069,0.3152
20.6,0.0531,0.528,0.4617,0.762,0.7096,0.7358,0.4062,0.4884,0.4473,0.3222,0.2871,0.3047
20.7,0.0391,0.5366,0.4619,0.7744,0.7127,0.7435,0.4095,0.5022,0.4558,0.3233,0.269,0.2961
20.8,0.0208,0.5452,0.464,0.7829,0.7135,0.7482,0.4135,0.5147,0.4641,0.3271,0.2534,0.2902
20.9,-0.0014,0.554,0.4681,0.7873,0.7119,0.7496,0.4184,0.5262,0.4723,0.3339,0.241,0.2875
21,-0.027,0.5631,0.4743,0.7876,0.708,0.7478,0.4243,0.5374,0.4808,0.3439,0.2325,0.2882
21.1,-0.0556,0.5729,0.482,0.784,0.7019,0.7429,0.4305,0.5488,0.4897,0.357,0.2282,0.2926
21.2,-0.0866,0.5834,0.4906,0.7771,0.6939,0.7355,0.4365,0.5604,0.4984,0.3728,0.2275,0.3002
21.3,-0.1192,0.5946,0.4994,0.768,0.6848,0.7264,0.4418,0.5717,0.5067,0.3908,0.2298,0.3103
21.4,-0.1526,0.6064,0.5076,0.7575,0.6757,0.7166,0.4466,0.5827,0.5146,0.4102,0.2341,0.3222
21.5,-0.1858,0.6183,0.5146,0.746,0.6672,0.7066,0.4513,0.5932,0.5222,0.4301,0.2401,0.3351
21.6,-0.2177,0.6297,0.5197,0.7332,0.6593,0.6962,0.4559,0.6028,0.5293,0.4496,0.2471,0.3483
21.7,-0.2466,0.6402,0.5223,0.7188,0.6513,0.6851,0.4597,0.6107,0.5352,0.4682,0.2548,0.3615
21.8,-0.2705,0.6493,0.5224,0.7027,0.643,0.6729,0.4621,0.6163,0.5392,0.4859,0.2629,0.3744
21.9,-0.2883,0.6563,0.5201,0.6849,0.6345,0.6597,0.4631,0.619,0.541,0.5031,0.2713,0.3872
22,-0.3005,0.6608,0.5161,0.6655,0.6262,0.6459,0.4627,0.6189,0.5408,0.5201,0.2802,0.4001
22.1,-0.3087,0.6625,0.5108,0.6444,0.6185,0.6315,0.4614,0.6163,0.5388,0.5367,0.2894,0.4131
22.2,-0.3138,0.6616,0.505,0.6217,0.6117,0.6167,0.4595,0.6109,0.5352,0.5529,0.2988,0.4259
22.3,-0.3158,0.6581,0.4992,0.5977,0.6062,0.6019,0.4572,0.6031,0.5301,0.5687,0.3086,0.4386
22.4,-0.3145,0.6523,0.4943,0.5728,0.6023,0.5876,0.4545,0.5933,0.5239,0.5841,0.3195,0.4518
22.5,-0.3096,0.6446,0.491,0.5475,0.6004,0.5739,0.4519,0.5821,0.517,0.5989,0.3322,0.4656
22.6,-0.3016,0.6348,0.4896,0.522,0.6002,0.5611,0.4494,0.57,0.5097,0.613,0.3471,0.48
22.7,-0.2919,0.6229,0.4901,0.4961,0.6012,0.5486,0.447,0.5572,0.5021,0.6259,0.364,0.495
22.8,-0.2818,0.609,0.4933,0.4696,0.6026,0.5361,0.4447,0.5441,0.4944,0.6373,0.3827,0.51
22.9,-0.272,0.5938,0.4994,0.4427,0.604,0.5234,0.4426,0.531,0.4868,0.6467,0.4033,0.525
23,-0.2631,0.5779,0.5086,0.4158,0.6053,0.5106,0.4411,0.5185,0.4798,0.6538,0.4263,0.5401
23.1,-0.2554,0.5619,0.5204,0.3895,0.6066,0.498,0.4402,0.5069,0.4735,0.6584,0.4517,0.5551
23.2,-0.2504,0.5464,0.534,0.3642,0.6079,0.486,0.4401,0.4964,0.4683,0.6603,0.479,0.5697
23.3,-0.2496,0.5321,0.5497,0.3403,0.6099,0.4751,0.4418,0.4876,0.4647,0.6594,0.5075,0.5835
23.4,-0.2536,0.5201,0.5681,0.3187,0.6133,0.466,0.4465,0.4811,0.4638,0.6563,0.5364,0.5964
23.5,-0.2614,0.5113,0.5898,0.3011,0.6181,0.4596,0.4553,0.4779,0.4666,0.652,0.5654,0.6087
23.6,-0.2713,0.5068,0.6151,0.2891,0.624,0.4565,0.469,0.4783,0.4736,0.6476,0.5941,0.6208
23.7,-0.2817,0.507,0.6434,0.2836,0.6306,0.4571,0.4874,0.4819,0.4847,0.6437,0.6217,0.6327
23.8,-0.2913,0.5125,0.6736,0.2852,0.6382,0.4617,0.5101,0.4886,0.4993,0.6412,0.6482,0.6447
23.9,-0.2999,0.5237,0.7048,0.2941,0.6477,0.4709,0.5364,0.4981,0.5173,0.6407,0.6735,0.6571
24,-0.3072,0.5409,0.736,0.31,0.66,0.485,0.5656,0.5108,0.5382,0.6431,0.6981,0.6706
24.1,-0.313,0.5639,0.7659,0.3327,0.6757,0.5042,0.5965,0.5264,0.5614,0.6482,0.722,0.6851
24.2,-0.3162,0.5917,0.7927,0.3616,0.6944,0.528,0.6278,0.544,0.5859,0.6552,0.7449,0.7001
24.3,-0.3154,0.6229,0.8148,0.3961,0.715,0.5556,0.6579,0.5624,0.6102,0.663,0.7661,0.7145
24.4,-0.3094,0.6561,0.8309,0.4364,0.7364,0.5864,0.6853,0.5804,0.6329,0.6708,0.7848,0.7278
24.5,-0.2978,0.69,0.8402,0.482,0.7576,0.6198,0.7088,0.5972,0.653,0.6782,0.8004,0.7393
24.6,-0.2803,0.7235,0.8422,0.532,0.7777,0.6549,0.7278,0.6123,0.67,0.685,0.8124,0.7487
24.7,-0.2572,0.7551,0.837,0.5839,0.7962,0.6901,0.7428,0.6255,0.6841,0.6907,0.8203,0.7555
24.8,-0.2293,0.7838,0.8251,0.635,0.8126,0.7238,0.7539,0.6364,0.6952,0.6948,0.8238,0.7593
24.9,-0.1977,0.8085,0.8074,0.6831,0.8263,0.7547,0.7613,0.6447,0.703,0.6968,0.8234,0.7601
25,-0.1633,0.8284,0.7847,0.7276,0.8368,0.7822,0.7644,0.6499,0.7071,0.6961,0.8194,0.7578
25.1,-0.1277,0.843,0.7579,0.7683,0.8439,0.8061,0.763,0.652,0.7075,0.6927,0.8124,0.7526
25.2,-0.0926,0.8522,0.7282,0.8048,0.8472,0.826,0.7576,0.6516,0.7046,0.6865,0.8028,0.7446
25.3,-0.059,0.8562,0.6964,0.8366,0.8466,0.8416,0.7487,0.6493,0.699,0.6772,0.7908,0.734
25.4,-0.0275,0.8554,0.6638,0.8633,0.8421,0.8527,0.7374,0.6462,0.6918,0.665,0.7775,0.7213
25.5,0.0028,0.8503,0.6311,0.8852,0.8338,0.8595,0.7245,0.6426,0.6835,0.6501,0.7637,0.7069
25.6,0.0325,0.8417,0.5989,0.9026,0.8221,0.8623,0.7106,0.6389,0.6748,0.6326,0.75,0.6913
25.7,0.062,0.8297,0.5675,0.9151,0.8074,0.8613,0.696,0.6354,0.6657,0.6134,0.7366,0.675
25.8,0.0904,0.8149,0.5375,0.922,0.7906,0.8563,0.681,0.6328,0.6569,0.5932,0.7233,0.6582
25.9,0.1171,0.7977,0.5097,0.9225,0.7724,0.8474,0.6666,0.6315,0.649,0.5737,0.7095,0.6416
26,0.1419,0.7784,0.485,0.9164,0.7532,0.8348,0.6539,0.6318,0.6428,0.5561,0.6952,0.6257
26.1,0.1649,0.7574,0.4639,0.904,0.7334,0.8187,0.6434,0.6338,0.6386,0.5416,0.6803,0.6109
26.2,0.1852,0.7352,0.4466,0.8859,0.7135,0.7997,0.6352,0.6375,0.6364,0.5299,0.6649,0.5974
26.3,0.2009,0.7124,0.4329,0.863,0.6943,0.7787,0.6297,0.6429,0.6363,0.521,0.6492,0.5851
26.4,0.2101,0.6898,0.4229,0.8366,0.6771,0.7568,0.6273,0.6498,0.6385,0.5147,0.6336,0.5742
26.5,0.2112,0.6683,0.4166,0.8079,0.6627,0.7353,0.6286,0.6579,0.6432,0.5111,0.6182,0.5646
26.6,0.203,0.6484,0.415,0.7785,0.6514,0.715,0.6338,0.6667,0.6503,0.51,0.6032,0.5566
26.7,0.1855,0.6307,0.4191,0.7494,0.6428,0.6961,0.6426,0.6759,0.6593,0.5111,0.5888,0.55
26.8,0.1596,0.6151,0.4295,0.7212,0.6359,0.6785,0.6543,0.685,0.6696,0.5138,0.5757,0.5447
26.9,0.127,0.601,0.446,0.6939,0.6297,0.6618,0.6677,0.6935,0.6806,0.518,0.5644,0.5412
27,0.0886,0.5879,0.4675,0.6675,0.624,0.6457,0.6817,0.7005,0.6911,0.5235,0.5557,0.5396
27.1,0.0449,0.5757,0.493,0.6419,0.6188,0.6304,0.6953,0.705,0.7001,0.53,0.5499,0.5399
27.2,-0.0037,0.5648,0.5216,0.6177,0.6147,0.6162,0.7074,0.7071,0.7072,0.5362,0.5468,0.5415
27.3,-0.0561,0.5554,0.5528,0.5954,0.6118,0.6036,0.7168,0.7073,0.7121,0.5407,0.546,0.5434
27.4,-0.1107,0.5473,0.5854,0.5749,0.6097,0.5923,0.7227,0.7057,0.7142,0.5423,0.5467,0.5445
27.5,-0.1654,0.5398,0.6179,0.556,0.6076,0.5818,0.7242,0.7017,0.7129,0.5403,0.548,0.5441
27.6,-0.2182,0.5328,0.6491,0.5387,0.6048,0.5718,0.721,0.6949,0.7079,0.5349,0.5491,0.542
27.7,-0.2681,0.5263,0.6783,0.5235,0.6013,0.5624,0.7138,0.6856,0.6997,0.5273,0.5496,0.5385
27.8,-0.3146,0.5212,0.7052,0.5107,0.5983,0.5545,0.7039,0.6754,0.6896,0.5184,0.5492,0.5338
27.9,-0.3576,0.5183,0.729,0.5006,0.5971,0.5488,0.6924,0.6651,0.6787,0.5082,0.5476,0.5279
28,-0.397,0.5181,0.7493,0.4933,0.5986,0.5459,0.6796,0.6551,0.6674,0.4964,0.5441,0.5203
28.1,-0.4325,0.5208,0.766,0.4885,0.6033,0.5459,0.6659,0.6455,0.6557,0.483,0.5384,0.5107
28.2,-0.4639,0.5265,0.7796,0.4856,0.6114,0.5485,0.6511,0.6365,0.6438,0.468,0.5304,0.4992
28.3,-0.4904,0.5356,0.7903,0.4848,0.6232,0.554,0.6357,0.6289,0.6323,0.4516,0.5204,0.486
28.4,-0.5109,0.5482,0.7984,0.4863,0.6384,0.5623,0.62,0.6239,0.6219,0.4342,0.5087,0.4715
28.5,-0.5247,0.5642,0.804,0.4904,0.6568,0.5736,0.6045,0.6224,0.6135,0.4165,0.4958,0.4562
28.6,-0.5318,0.583,0.8072,0.4971,0.6777,0.5874,0.5896,0.6245,0.607,0.3996,0.4815,0.4405
28.7,-0.5334,0.604,0.8079,0.5063,0.701,0.6036,0.575,0.63,0.6025,0.3842,0.4656,0.4249
28.8,-0.5314,0.6268,0.8059,0.5176,0.7269,0.6223,0.5611,0.6383,0.5997,0.3704,0.4479,0.4091
28.9,-0.5274,0.6506,0.8006,0.5304,0.7557,0.643,0.5482,0.6486,0.5984,0.3577,0.4281,0.3929
29,-0.5209,0.6743,0.7915,0.5438,0.7868,0.6653,0.5363,0.6601,0.5982,0.3456,0.4056,0.3756
29.1,-0.5107,0.6968,0.7782,0.5569,0.8188,0.6879,0.5259,0.6718,0.5988,0.3344,0.3805,0.3574
29.2,-0.4968,0.7169,0.761,0.5689,0.8504,0.7096,0.5173,0.6828,0.6001,0.3244,0.3535,0.339
29.3,-0.481,0.734,0.7409,0.5795,0.8801,0.7298,0.5111,0.6926,0.6019,0.3163,0.3264,0.3214
29.4,-0.4656,0.7478,0.7185,0.5889,0.9068,0.7479,0.5074,0.701,0.6042,0.3103,0.3012,0.3057
29.5,-0.4521,0.7575,0.6942,0.5965,0.9293,0.7629,0.5059,0.7076,0.6067,0.3062,0.2797,0.293
29.6,-0.4423,0.7629,0.6687,0.6012,0.9468,0.774,0.5063,0.7121,0.6092,0.3045,0.2628,0.2836
29.7,-0.4366,0.7636,0.6435,0.6018,0.9591,0.7805,0.509,0.7149,0.612,0.306,0.2507,0.2783
29.8,-0.4349,0.7604,0.6207,0.5984,0.966,0.7822,0.5147,0.7169,0.6158,0.3113,0.2433,0.2773
29.9,-0.4371,0.7544,0.6024,0.5917,0.9679,0.7798,0.5233,0.719,0.6211,0.3206,0.2407,0.2806
