Time,Harvey Norman - Kitchen Appliances Sale 30 TVC,Harvey Norman - Kitchen Appliances Sale 30 TVC,Harvey Norman - Kitchen Appliances Sale 30 TVC,Harvey Norman - Kitchen Appliances Sale 30 TVC,Harvey Norman - Kitchen Appliances Sale 30 TVC,Harvey Norman - Kitchen Appliances Sale 30 TVC,Harvey Norman - Kitchen Appliances Sale 30 TVC,Harvey Norman - Kitchen Appliances Sale 30 TVC,Harvey Norman - Kitchen Appliances Sale 30 TVC,Harvey Norman - Kitchen Appliances Sale 30 TVC,Harvey Norman - Kitchen Appliances Sale 30 TVC,Harvey Norman - Kitchen Appliances Sale 30 TVC
,Approach / Withdraw,Engagement,Emotional Intensity,Memory Encoding - Detail,Memory Encoding - Global,Memory Encoding - Composite,General Attention - Detail,General Attention - Global,General Attention - Composite,Visual Attention - Detail,Visual Attention - Global,Visual Attention - Composite
0,0.5103,0.3001,0.1599,0.3018,0.4471,0.3744,0.5596,0.6915,0.6255,0.9115,0.4427,0.6771
0.1,0.4757,0.2995,0.1556,0.3006,0.4589,0.3798,0.5282,0.6865,0.6073,0.9189,0.4362,0.6776
0.2,0.442,0.3017,0.1515,0.3024,0.4714,0.3869,0.4963,0.6773,0.5868,0.9175,0.4271,0.6723
0.3,0.4091,0.3066,0.1474,0.3075,0.4842,0.3959,0.4664,0.665,0.5657,0.9078,0.4174,0.6626
0.4,0.3774,0.3131,0.1434,0.3158,0.4969,0.4063,0.4411,0.6512,0.5462,0.8918,0.4087,0.6502
0.5,0.3474,0.3199,0.1406,0.3265,0.5094,0.418,0.4221,0.6379,0.53,0.8716,0.4017,0.6367
0.6,0.3186,0.3262,0.1401,0.3388,0.5225,0.4307,0.41,0.6263,0.5182,0.8495,0.3971,0.6233
0.7,0.2898,0.3315,0.1426,0.3519,0.5368,0.4444,0.4043,0.6167,0.5105,0.8271,0.3956,0.6113
0.8,0.2602,0.3354,0.1484,0.3651,0.5525,0.4588,0.4045,0.6085,0.5065,0.8048,0.3985,0.6017
0.9,0.2295,0.3378,0.157,0.3783,0.5694,0.4739,0.4092,0.6006,0.5049,0.7821,0.4063,0.5942
1,0.1979,0.3383,0.1678,0.3911,0.5868,0.4889,0.4168,0.5919,0.5043,0.7579,0.4185,0.5882
1.1,0.165,0.3362,0.1806,0.4028,0.604,0.5034,0.4255,0.5823,0.5039,0.7317,0.4347,0.5832
1.2,0.1299,0.3312,0.1959,0.4128,0.6204,0.5166,0.4341,0.5721,0.5031,0.7044,0.4549,0.5796
1.3,0.0924,0.3229,0.2138,0.4205,0.6352,0.5279,0.4425,0.5617,0.5021,0.6778,0.4792,0.5785
1.4,0.0528,0.3107,0.2342,0.425,0.6479,0.5365,0.4511,0.551,0.501,0.6541,0.5073,0.5807
1.5,0.0112,0.2942,0.2566,0.4257,0.6577,0.5417,0.4604,0.5396,0.5,0.6342,0.5379,0.5861
1.6,-0.0324,0.2733,0.281,0.4222,0.6639,0.5431,0.4709,0.5275,0.4992,0.6185,0.5695,0.594
1.7,-0.0771,0.2489,0.3069,0.4156,0.6665,0.5411,0.4825,0.5145,0.4985,0.6074,0.6006,0.604
1.8,-0.1207,0.2222,0.3337,0.4075,0.6665,0.537,0.4947,0.5011,0.4979,0.601,0.63,0.6155
1.9,-0.1606,0.1941,0.3599,0.3997,0.6652,0.5325,0.507,0.488,0.4975,0.5992,0.6561,0.6276
2,-0.1943,0.1649,0.3841,0.3932,0.6629,0.5281,0.5189,0.4759,0.4974,0.601,0.6779,0.6394
2.1,-0.2205,0.1351,0.4062,0.3882,0.6588,0.5235,0.53,0.4656,0.4978,0.6051,0.6947,0.6499
2.2,-0.2394,0.1061,0.4268,0.384,0.6514,0.5177,0.54,0.4578,0.4989,0.6103,0.7066,0.6584
2.3,-0.2525,0.0803,0.446,0.3797,0.6401,0.5099,0.5486,0.4527,0.5006,0.6157,0.7142,0.665
2.4,-0.2622,0.0595,0.4639,0.375,0.6257,0.5003,0.5558,0.4504,0.5031,0.6209,0.7183,0.6696
2.5,-0.2707,0.0448,0.4802,0.3693,0.6093,0.4893,0.5618,0.4507,0.5063,0.6255,0.7191,0.6723
2.6,-0.2792,0.0365,0.495,0.3626,0.5918,0.4772,0.5668,0.4536,0.5102,0.6285,0.7163,0.6724
2.7,-0.2869,0.0348,0.5085,0.3546,0.5736,0.4641,0.571,0.4586,0.5148,0.6288,0.7091,0.6689
2.8,-0.2915,0.0399,0.5206,0.3459,0.5556,0.4508,0.5738,0.4653,0.5195,0.6256,0.6969,0.6613
2.9,-0.2905,0.0515,0.5308,0.3369,0.5396,0.4382,0.5747,0.4726,0.5236,0.619,0.6795,0.6492
3,-0.2828,0.0688,0.5385,0.3284,0.5271,0.4277,0.5734,0.4799,0.5267,0.6091,0.6573,0.6332
3.1,-0.2692,0.09,0.5436,0.3207,0.5194,0.4201,0.5704,0.4864,0.5284,0.5966,0.6312,0.6139
3.2,-0.252,0.1138,0.5464,0.3144,0.5171,0.4158,0.5663,0.4919,0.5291,0.5819,0.603,0.5925
3.3,-0.2327,0.1393,0.5477,0.3103,0.5197,0.415,0.562,0.4961,0.5291,0.5653,0.5749,0.5701
3.4,-0.2121,0.1663,0.5481,0.3094,0.5263,0.4178,0.558,0.4998,0.5289,0.5472,0.5485,0.5479
3.5,-0.1904,0.1941,0.5481,0.3123,0.5363,0.4243,0.5551,0.5041,0.5296,0.5289,0.525,0.527
3.6,-0.1677,0.222,0.548,0.3193,0.5494,0.4344,0.554,0.5101,0.5321,0.5118,0.5058,0.5088
3.7,-0.1442,0.2492,0.5483,0.3305,0.5652,0.4479,0.5557,0.5187,0.5372,0.4971,0.4921,0.4946
3.8,-0.1189,0.275,0.5497,0.3459,0.5825,0.4642,0.5606,0.5303,0.5454,0.4857,0.485,0.4854
3.9,-0.091,0.2987,0.5533,0.3651,0.5994,0.4823,0.5682,0.5443,0.5563,0.4781,0.4852,0.4817
4,-0.0601,0.3196,0.5591,0.3876,0.6139,0.5008,0.5773,0.5593,0.5683,0.4739,0.4919,0.4829
4.1,-0.0269,0.3367,0.5662,0.4124,0.6243,0.5183,0.5864,0.5732,0.5798,0.4719,0.5029,0.4874
4.2,0.0072,0.3495,0.5735,0.4383,0.6296,0.5339,0.5949,0.5848,0.5899,0.4706,0.516,0.4933
4.3,0.0412,0.3581,0.5808,0.4647,0.6294,0.5471,0.6022,0.5939,0.598,0.4689,0.5291,0.499
4.4,0.0739,0.3631,0.5891,0.4911,0.6242,0.5577,0.6084,0.6007,0.6046,0.4668,0.5413,0.504
4.5,0.1045,0.3653,0.5991,0.5167,0.6147,0.5657,0.6144,0.6061,0.6103,0.4651,0.5521,0.5086
4.6,0.133,0.3656,0.6109,0.5408,0.602,0.5714,0.6212,0.6105,0.6158,0.4644,0.5611,0.5128
4.7,0.1605,0.3646,0.6236,0.5631,0.588,0.5756,0.6301,0.6138,0.6219,0.4651,0.5679,0.5165
4.8,0.1874,0.3631,0.6361,0.5842,0.5744,0.5793,0.6413,0.6161,0.6287,0.4669,0.5721,0.5195
4.9,0.2138,0.3616,0.6477,0.6043,0.5622,0.5832,0.6539,0.6176,0.6358,0.4695,0.5735,0.5215
5,0.2388,0.3604,0.6577,0.6232,0.5516,0.5874,0.6668,0.6185,0.6426,0.4728,0.5726,0.5227
5.1,0.2614,0.3593,0.6656,0.64,0.5427,0.5913,0.6793,0.6194,0.6493,0.4769,0.5705,0.5237
5.2,0.2813,0.3581,0.6713,0.6538,0.5354,0.5946,0.6902,0.6207,0.6555,0.4815,0.5679,0.5247
5.3,0.2988,0.3565,0.6745,0.6637,0.5293,0.5965,0.6992,0.6222,0.6607,0.4858,0.5649,0.5253
5.4,0.3137,0.3545,0.6755,0.6695,0.5241,0.5968,0.7069,0.6234,0.6652,0.4895,0.5617,0.5256
5.5,0.3247,0.3526,0.6747,0.6714,0.52,0.5957,0.714,0.6241,0.669,0.4928,0.5595,0.5261
5.6,0.33,0.3513,0.6727,0.6697,0.5177,0.5937,0.7207,0.6241,0.6724,0.4963,0.5596,0.5279
5.7,0.3287,0.3509,0.6699,0.6651,0.5176,0.5914,0.7269,0.6238,0.6753,0.5003,0.5627,0.5315
5.8,0.3212,0.3515,0.6661,0.6588,0.5204,0.5896,0.732,0.6233,0.6776,0.5045,0.5686,0.5365
5.9,0.3092,0.3535,0.6612,0.6523,0.5266,0.5894,0.7356,0.6227,0.6791,0.5081,0.5765,0.5423
6,0.2936,0.3578,0.6544,0.6468,0.5368,0.5918,0.7375,0.6218,0.6797,0.5105,0.5856,0.548
6.1,0.2744,0.3645,0.6453,0.6431,0.551,0.5971,0.7378,0.6204,0.6791,0.5117,0.5955,0.5536
6.2,0.2512,0.3735,0.6339,0.6413,0.5681,0.6047,0.7366,0.6183,0.6775,0.5119,0.6063,0.5591
6.3,0.2243,0.3836,0.6203,0.6408,0.5862,0.6135,0.7343,0.6154,0.6748,0.5114,0.6177,0.5646
6.4,0.1955,0.3942,0.6048,0.6417,0.6036,0.6226,0.7311,0.6117,0.6714,0.5102,0.6289,0.5695
6.5,0.1671,0.4054,0.5881,0.6448,0.6194,0.6321,0.7272,0.607,0.6671,0.5076,0.6384,0.573
6.6,0.1412,0.4179,0.5708,0.6518,0.6333,0.6425,0.7225,0.6012,0.6619,0.5034,0.6452,0.5743
6.7,0.1193,0.4322,0.5534,0.6638,0.6454,0.6546,0.7175,0.5947,0.6561,0.4977,0.649,0.5734
6.8,0.1026,0.448,0.5368,0.6811,0.6552,0.6682,0.7126,0.5881,0.6503,0.4906,0.6498,0.5702
6.9,0.0919,0.4644,0.5213,0.7026,0.6626,0.6826,0.7084,0.5815,0.645,0.4822,0.6477,0.5649
7,0.0868,0.4807,0.5075,0.7272,0.6671,0.6972,0.7054,0.5747,0.6401,0.4724,0.643,0.5577
7.1,0.0865,0.4965,0.4957,0.7538,0.6685,0.7111,0.7031,0.567,0.635,0.4614,0.6357,0.5485
7.2,0.0906,0.5114,0.4861,0.7821,0.6663,0.7242,0.7006,0.5576,0.6291,0.4494,0.6262,0.5378
7.3,0.0983,0.5251,0.4784,0.8113,0.6606,0.736,0.6975,0.546,0.6218,0.4367,0.6141,0.5254
7.4,0.1081,0.5372,0.4724,0.8406,0.6517,0.7462,0.6941,0.5326,0.6133,0.4238,0.5994,0.5116
7.5,0.1174,0.5478,0.4684,0.8686,0.6408,0.7547,0.6915,0.5179,0.6047,0.4116,0.5828,0.4972
7.6,0.1235,0.5579,0.4676,0.8944,0.6293,0.7619,0.6907,0.503,0.5969,0.4015,0.5658,0.4836
7.7,0.1264,0.5684,0.4718,0.9179,0.6185,0.7682,0.6925,0.4889,0.5907,0.3948,0.5499,0.4724
7.8,0.1271,0.5797,0.4818,0.9391,0.6091,0.7741,0.6973,0.4762,0.5868,0.3926,0.5363,0.4645
7.9,0.1277,0.5912,0.4973,0.9578,0.6011,0.7794,0.7058,0.4657,0.5857,0.3947,0.5255,0.4601
8,0.1303,0.6009,0.5171,0.9725,0.5941,0.7833,0.7181,0.4578,0.5879,0.4012,0.5177,0.4595
8.1,0.1361,0.6067,0.5399,0.9818,0.5868,0.7843,0.7332,0.4531,0.5932,0.4121,0.513,0.4626
8.2,0.145,0.6072,0.5648,0.9847,0.5774,0.7811,0.7493,0.4515,0.6004,0.4278,0.5116,0.4697
8.3,0.1567,0.6026,0.59,0.9813,0.5644,0.7729,0.7643,0.4518,0.608,0.4484,0.513,0.4807
8.4,0.171,0.5933,0.6139,0.9724,0.548,0.7602,0.7772,0.4531,0.6152,0.4731,0.5169,0.495
8.5,0.1877,0.5796,0.6348,0.959,0.5296,0.7443,0.7883,0.4545,0.6214,0.5006,0.5224,0.5115
8.6,0.2073,0.5615,0.6511,0.9413,0.5103,0.7258,0.7976,0.4552,0.6264,0.5294,0.5286,0.529
8.7,0.23,0.539,0.6617,0.9193,0.4902,0.7047,0.8049,0.4548,0.6298,0.558,0.5348,0.5464
8.8,0.254,0.5132,0.6663,0.8933,0.4688,0.681,0.8095,0.4532,0.6314,0.5855,0.5407,0.5631
8.9,0.2764,0.4856,0.6655,0.864,0.4459,0.6549,0.8107,0.4502,0.6304,0.611,0.5464,0.5787
9,0.2945,0.4576,0.6601,0.8323,0.4221,0.6272,0.8079,0.4459,0.6269,0.6337,0.5518,0.5928
9.1,0.307,0.4297,0.6509,0.7988,0.3979,0.5983,0.8013,0.4402,0.6207,0.6523,0.5565,0.6044
9.2,0.3142,0.4021,0.6384,0.7642,0.3735,0.5688,0.7917,0.4328,0.6123,0.6657,0.56,0.6128
9.3,0.3175,0.3749,0.6234,0.7291,0.3489,0.539,0.7798,0.4234,0.6016,0.6735,0.5619,0.6177
9.4,0.3177,0.3475,0.6062,0.6936,0.3237,0.5086,0.766,0.4113,0.5886,0.6757,0.5618,0.6187
9.5,0.315,0.3191,0.5876,0.6577,0.297,0.4774,0.7502,0.396,0.5731,0.6727,0.5594,0.616
9.6,0.3096,0.2891,0.5684,0.6211,0.2692,0.4451,0.7319,0.3775,0.5547,0.6651,0.555,0.61
9.7,0.3022,0.2574,0.5485,0.5838,0.2409,0.4123,0.7107,0.3562,0.5335,0.6536,0.5487,0.6011
9.8,0.2938,0.2243,0.5274,0.5466,0.2133,0.38,0.6869,0.3324,0.5097,0.6386,0.5407,0.5897
9.9,0.286,0.1911,0.5052,0.5112,0.1881,0.3497,0.6612,0.3069,0.4841,0.6209,0.5314,0.5762
10,0.2792,0.1593,0.4828,0.4794,0.1667,0.323,0.6353,0.2811,0.4582,0.6014,0.5214,0.5614
10.1,0.2725,0.13,0.462,0.4522,0.1503,0.3013,0.6102,0.2569,0.4335,0.5811,0.5117,0.5464
10.2,0.2654,0.1041,0.4441,0.4301,0.1397,0.2849,0.586,0.2356,0.4108,0.5609,0.503,0.5319
10.3,0.2574,0.0823,0.4286,0.4131,0.1354,0.2743,0.5619,0.2173,0.3896,0.5412,0.4953,0.5183
10.4,0.2486,0.0655,0.4147,0.4019,0.1377,0.2698,0.5375,0.2014,0.3695,0.523,0.4887,0.5058
10.5,0.2383,0.0545,0.4023,0.3978,0.1467,0.2722,0.5136,0.1881,0.3508,0.5072,0.4836,0.4954
10.6,0.2256,0.05,0.3929,0.4021,0.1629,0.2825,0.4918,0.1786,0.3352,0.4951,0.4809,0.488
10.7,0.209,0.0526,0.3891,0.4153,0.1874,0.3014,0.4742,0.1745,0.3243,0.4876,0.4814,0.4845
10.8,0.1875,0.0625,0.3932,0.4372,0.2213,0.3292,0.462,0.1773,0.3197,0.4855,0.486,0.4858
10.9,0.1614,0.0803,0.4067,0.4672,0.2652,0.3662,0.4558,0.1877,0.3218,0.49,0.4953,0.4926
11,0.1321,0.1063,0.4298,0.5054,0.3184,0.4119,0.4564,0.2057,0.3311,0.5021,0.5092,0.5056
11.1,0.1019,0.1397,0.462,0.5515,0.3792,0.4654,0.4646,0.2319,0.3483,0.5228,0.5269,0.5249
11.2,0.0722,0.1784,0.502,0.6035,0.4443,0.5239,0.4804,0.2663,0.3734,0.5518,0.5475,0.5496
11.3,0.0439,0.2205,0.5476,0.6577,0.51,0.5839,0.5022,0.3078,0.405,0.5875,0.5695,0.5785
11.4,0.0182,0.2635,0.596,0.7105,0.5725,0.6415,0.5272,0.3531,0.4402,0.6279,0.5915,0.6097
11.5,-0.0039,0.3056,0.6447,0.7598,0.6292,0.6945,0.5529,0.3986,0.4757,0.6707,0.6121,0.6414
11.6,-0.0222,0.3453,0.6923,0.805,0.6791,0.742,0.5781,0.4415,0.5098,0.7138,0.6303,0.672
11.7,-0.0363,0.381,0.7378,0.846,0.7222,0.7841,0.6028,0.4809,0.5419,0.7545,0.6452,0.6999
11.8,-0.0456,0.4114,0.7796,0.8822,0.7587,0.8205,0.6274,0.5171,0.5722,0.7898,0.6559,0.7229
11.9,-0.0499,0.4359,0.816,0.9124,0.7885,0.8505,0.6513,0.5505,0.6009,0.8174,0.6612,0.7393
12,-0.05,0.4549,0.8457,0.9359,0.8112,0.8736,0.6736,0.5808,0.6272,0.8361,0.6607,0.7484
12.1,-0.0467,0.4697,0.8685,0.9528,0.8268,0.8898,0.6926,0.6072,0.6499,0.8463,0.655,0.7506
12.2,-0.0417,0.4816,0.8841,0.9641,0.8362,0.9001,0.7073,0.6292,0.6683,0.8483,0.645,0.7467
12.3,-0.0371,0.4911,0.8913,0.9706,0.8408,0.9057,0.7175,0.6465,0.682,0.8425,0.6314,0.7369
12.4,-0.0339,0.4981,0.8889,0.9727,0.8422,0.9074,0.7231,0.6589,0.691,0.8287,0.6144,0.7215
12.5,-0.0331,0.5024,0.8764,0.9705,0.8412,0.9058,0.7238,0.6663,0.695,0.807,0.5939,0.7004
12.6,-0.0357,0.504,0.8552,0.9638,0.8382,0.901,0.7188,0.6688,0.6938,0.7782,0.5698,0.674
12.7,-0.0423,0.5036,0.8266,0.9531,0.8328,0.893,0.7066,0.6666,0.6866,0.7433,0.5428,0.6431
12.8,-0.0539,0.5014,0.7915,0.9382,0.8244,0.8813,0.6863,0.6601,0.6732,0.7033,0.5135,0.6084
12.9,-0.0717,0.497,0.7506,0.9186,0.8118,0.8652,0.6581,0.6497,0.6539,0.6593,0.4837,0.5715
13,-0.0964,0.4903,0.7052,0.8935,0.7941,0.8438,0.6237,0.6359,0.6298,0.6127,0.4551,0.5339
13.1,-0.1272,0.4816,0.6581,0.8627,0.7713,0.817,0.5852,0.6197,0.6024,0.5649,0.4291,0.497
13.2,-0.1626,0.4713,0.613,0.8264,0.7438,0.7851,0.5443,0.6023,0.5733,0.5172,0.4062,0.4617
13.3,-0.2017,0.4598,0.5728,0.7857,0.7123,0.749,0.502,0.5847,0.5434,0.4707,0.3864,0.4286
13.4,-0.2436,0.447,0.5394,0.7415,0.6774,0.7095,0.4588,0.5678,0.5133,0.4265,0.3699,0.3982
13.5,-0.2867,0.4328,0.513,0.6941,0.6397,0.6669,0.4154,0.552,0.4837,0.3859,0.3578,0.3719
13.6,-0.3283,0.4175,0.4932,0.6441,0.5998,0.6219,0.3735,0.5374,0.4554,0.3507,0.3513,0.351
13.7,-0.3658,0.4017,0.4799,0.5928,0.5589,0.5759,0.3349,0.5243,0.4296,0.3228,0.3509,0.3368
13.8,-0.398,0.3865,0.4734,0.5424,0.5186,0.5305,0.3017,0.5135,0.4076,0.3036,0.3568,0.3302
13.9,-0.4247,0.3725,0.4737,0.4949,0.4801,0.4875,0.2752,0.506,0.3906,0.2934,0.3686,0.331
14,-0.4456,0.3605,0.4797,0.4517,0.4447,0.4482,0.2556,0.5021,0.3789,0.2918,0.3848,0.3383
14.1,-0.4596,0.3513,0.4899,0.414,0.4136,0.4138,0.2427,0.5022,0.3725,0.2977,0.4035,0.3506
14.2,-0.4663,0.3458,0.503,0.3825,0.3879,0.3852,0.2358,0.5063,0.3711,0.3108,0.4233,0.367
14.3,-0.4657,0.3445,0.5185,0.3577,0.3681,0.3629,0.2342,0.5146,0.3744,0.3309,0.443,0.387
14.4,-0.4592,0.3476,0.5368,0.3397,0.354,0.3469,0.2371,0.5271,0.3821,0.3577,0.4621,0.4099
14.5,-0.4478,0.3544,0.558,0.3277,0.3447,0.3362,0.2435,0.5434,0.3935,0.3896,0.4801,0.4348
14.6,-0.4316,0.3641,0.5819,0.3205,0.3385,0.3295,0.2525,0.5628,0.4076,0.4243,0.497,0.4607
14.7,-0.4092,0.3761,0.6084,0.3174,0.3347,0.3261,0.2629,0.5842,0.4235,0.4604,0.5126,0.4865
14.8,-0.3798,0.3901,0.6376,0.3185,0.3337,0.3261,0.2744,0.6069,0.4406,0.4969,0.5271,0.512
14.9,-0.344,0.4066,0.67,0.3244,0.3362,0.3303,0.2871,0.6312,0.4591,0.5338,0.5412,0.5375
15,-0.3027,0.4259,0.7059,0.3356,0.3431,0.3393,0.3011,0.6573,0.4792,0.5706,0.5556,0.5631
15.1,-0.2564,0.4483,0.7445,0.3518,0.3542,0.353,0.3162,0.6851,0.5007,0.6062,0.5704,0.5883
15.2,-0.2052,0.4735,0.7841,0.3721,0.3691,0.3706,0.3312,0.7136,0.5224,0.6387,0.5851,0.6119
15.3,-0.1503,0.501,0.8233,0.3954,0.3868,0.3911,0.3446,0.741,0.5428,0.667,0.5992,0.6331
15.4,-0.0936,0.5295,0.8615,0.4207,0.4062,0.4135,0.3555,0.7662,0.5608,0.6909,0.6123,0.6516
15.5,-0.0371,0.5574,0.8988,0.4476,0.426,0.4368,0.3635,0.7883,0.5759,0.7108,0.6249,0.6679
15.6,0.019,0.5834,0.9344,0.4762,0.4449,0.4605,0.369,0.807,0.588,0.7266,0.6374,0.682
15.7,0.0753,0.606,0.9668,0.5064,0.4616,0.484,0.3728,0.822,0.5974,0.7374,0.6495,0.6935
15.8,0.1323,0.6242,0.9935,0.5372,0.4754,0.5063,0.3752,0.833,0.6041,0.7425,0.6606,0.7015
15.9,0.1893,0.6373,1.0127,0.5666,0.4857,0.5261,0.376,0.8393,0.6077,0.7413,0.6696,0.7055
16,0.2437,0.6446,1.0233,0.5921,0.492,0.5421,0.3748,0.8408,0.6078,0.7342,0.6762,0.7052
16.1,0.293,0.6461,1.0244,0.6121,0.4946,0.5533,0.3722,0.8374,0.6048,0.7221,0.6803,0.7012
16.2,0.3348,0.6422,1.0154,0.6263,0.4939,0.5601,0.3695,0.8293,0.5994,0.7064,0.6822,0.6943
16.3,0.3669,0.6336,0.9961,0.6355,0.4916,0.5636,0.3688,0.8174,0.5931,0.6888,0.682,0.6854
16.4,0.3886,0.6214,0.9683,0.6406,0.4893,0.5649,0.3716,0.8036,0.5876,0.6711,0.6801,0.6756
16.5,0.4001,0.6067,0.9357,0.6423,0.4878,0.565,0.3784,0.7901,0.5843,0.6544,0.6761,0.6652
16.6,0.4028,0.5902,0.9023,0.6412,0.487,0.5641,0.389,0.7785,0.5838,0.6389,0.6695,0.6542
16.7,0.3988,0.5733,0.8711,0.6384,0.4865,0.5624,0.4032,0.7695,0.5863,0.6254,0.6598,0.6426
16.8,0.3914,0.5582,0.8445,0.6367,0.4865,0.5616,0.4217,0.7631,0.5924,0.6148,0.648,0.6314
16.9,0.3841,0.5481,0.8244,0.6401,0.4884,0.5643,0.4459,0.7598,0.6029,0.6082,0.6354,0.6218
17,0.3797,0.5449,0.8117,0.6519,0.4936,0.5727,0.4767,0.7607,0.6187,0.6057,0.6236,0.6146
17.1,0.3787,0.5486,0.8061,0.6726,0.5024,0.5875,0.5138,0.7661,0.64,0.6062,0.6129,0.6096
17.2,0.3808,0.5577,0.8056,0.7009,0.514,0.6075,0.5564,0.7754,0.6659,0.6083,0.6033,0.6058
17.3,0.3857,0.5703,0.8078,0.7346,0.5276,0.6311,0.6031,0.7872,0.6951,0.6109,0.5947,0.6028
17.4,0.394,0.5861,0.8113,0.7721,0.5433,0.6577,0.653,0.8005,0.7268,0.614,0.5872,0.6006
17.5,0.4053,0.6054,0.8158,0.8119,0.5619,0.6869,0.705,0.8149,0.76,0.618,0.5816,0.5998
17.6,0.4183,0.6279,0.8214,0.8519,0.5832,0.7175,0.7572,0.8302,0.7937,0.623,0.5784,0.6007
17.7,0.4314,0.6518,0.8276,0.8894,0.6051,0.7472,0.8078,0.8459,0.8268,0.6283,0.5775,0.6029
17.8,0.4429,0.6746,0.8337,0.9215,0.6246,0.7731,0.8551,0.8614,0.8583,0.6328,0.5784,0.6056
17.9,0.4518,0.6942,0.8395,0.9461,0.6399,0.793,0.8982,0.8764,0.8873,0.6359,0.5805,0.6082
18,0.4583,0.7098,0.8453,0.9624,0.6512,0.8068,0.9364,0.8907,0.9135,0.6378,0.5841,0.6109
18.1,0.4623,0.7216,0.8516,0.9708,0.6602,0.8155,0.9692,0.9043,0.9367,0.639,0.5892,0.6141
18.2,0.4633,0.7293,0.8587,0.9723,0.6681,0.8202,0.9961,0.9164,0.9562,0.6397,0.5958,0.6177
18.3,0.4607,0.7324,0.8662,0.9669,0.6752,0.8211,1.0168,0.9256,0.9712,0.64,0.6038,0.6219
18.4,0.4542,0.7306,0.8737,0.955,0.6813,0.8182,1.0316,0.9315,0.9815,0.6397,0.6125,0.6261
18.5,0.4447,0.7234,0.8809,0.9368,0.6864,0.8116,1.0401,0.9341,0.9871,0.6392,0.6213,0.6303
18.6,0.4331,0.7114,0.8886,0.9134,0.6898,0.8016,1.0422,0.9338,0.988,0.6394,0.6303,0.6349
18.7,0.4204,0.6952,0.8974,0.8867,0.691,0.7888,1.0383,0.9311,0.9847,0.6413,0.6399,0.6406
18.8,0.4077,0.6758,0.9079,0.8586,0.6894,0.774,1.0298,0.9263,0.9781,0.6456,0.6507,0.6481
18.9,0.396,0.6544,0.9196,0.8311,0.6853,0.7582,1.018,0.9196,0.9688,0.6526,0.6632,0.6579
19,0.3857,0.6324,0.9319,0.8052,0.6793,0.7423,1.003,0.9111,0.957,0.6623,0.6772,0.6697
19.1,0.3764,0.6115,0.9444,0.7819,0.6731,0.7275,0.9847,0.9008,0.9427,0.6748,0.6921,0.6835
19.2,0.3665,0.5929,0.957,0.7617,0.6681,0.7149,0.9625,0.8894,0.926,0.6907,0.7069,0.6988
19.3,0.3534,0.5773,0.9698,0.7445,0.6653,0.7049,0.9364,0.8773,0.9069,0.7102,0.7204,0.7153
19.4,0.3345,0.565,0.9827,0.7306,0.665,0.6978,0.906,0.8649,0.8855,0.7329,0.7313,0.7321
19.5,0.3079,0.5565,0.9953,0.7207,0.6674,0.694,0.8712,0.8522,0.8617,0.7582,0.7392,0.7487
19.6,0.2741,0.5525,1.0069,0.7156,0.6723,0.694,0.8323,0.8397,0.836,0.7849,0.744,0.7644
19.7,0.2345,0.5534,1.0169,0.7159,0.679,0.6974,0.7898,0.8277,0.8088,0.8115,0.7461,0.7788
19.8,0.19,0.5595,1.0247,0.7213,0.6863,0.7038,0.7444,0.8163,0.7803,0.8364,0.7453,0.7909
19.9,0.1409,0.5706,1.0301,0.7307,0.6931,0.7119,0.6965,0.8045,0.7505,0.8577,0.7413,0.7995
20,0.0875,0.5867,1.0328,0.7433,0.6991,0.7212,0.6469,0.7912,0.719,0.874,0.7335,0.8037
20.1,0.0315,0.608,1.0326,0.7584,0.7049,0.7316,0.5972,0.7759,0.6866,0.8851,0.7226,0.8039
20.2,-0.0236,0.6344,1.0299,0.7753,0.7114,0.7433,0.5497,0.759,0.6544,0.8918,0.7102,0.801
20.3,-0.0738,0.6643,1.0248,0.7927,0.719,0.7559,0.5064,0.7414,0.6239,0.895,0.6982,0.7966
20.4,-0.1175,0.6948,1.0177,0.8084,0.727,0.7677,0.4678,0.7231,0.5955,0.8954,0.6877,0.7915
20.5,-0.1553,0.7227,1.0082,0.8205,0.7339,0.7772,0.4328,0.7035,0.5681,0.8934,0.6786,0.786
20.6,-0.1877,0.7457,0.9962,0.8278,0.7393,0.7835,0.4005,0.6812,0.5409,0.8894,0.6707,0.78
20.7,-0.2141,0.7628,0.9814,0.83,0.7434,0.7867,0.3709,0.656,0.5135,0.8835,0.6634,0.7735
20.8,-0.2328,0.7736,0.9639,0.8273,0.7468,0.787,0.3443,0.6287,0.4865,0.8758,0.6566,0.7662
20.9,-0.2429,0.7779,0.944,0.8193,0.7492,0.7842,0.3211,0.5998,0.4605,0.8662,0.6496,0.7579
21,-0.2446,0.7758,0.922,0.8061,0.7496,0.7778,0.3005,0.5702,0.4354,0.8546,0.6412,0.7479
21.1,-0.2395,0.7672,0.8984,0.788,0.7479,0.768,0.2822,0.5407,0.4115,0.8406,0.6307,0.7357
21.2,-0.2292,0.7524,0.8743,0.7663,0.7448,0.7556,0.2666,0.5123,0.3895,0.8245,0.6179,0.7212
21.3,-0.2145,0.7327,0.8506,0.7424,0.7417,0.742,0.2547,0.4862,0.3704,0.8066,0.6036,0.7051
21.4,-0.1963,0.7097,0.8276,0.7174,0.7395,0.7284,0.2476,0.463,0.3553,0.7872,0.5877,0.6875
21.5,-0.1756,0.6854,0.8051,0.6927,0.7382,0.7155,0.2452,0.4427,0.344,0.766,0.5693,0.6677
21.6,-0.1534,0.6611,0.7827,0.6693,0.7379,0.7036,0.2464,0.4251,0.3357,0.7428,0.547,0.6449
21.7,-0.1305,0.6384,0.7606,0.6485,0.7387,0.6936,0.2498,0.411,0.3304,0.7179,0.5207,0.6193
21.8,-0.1078,0.6183,0.7395,0.6319,0.7411,0.6865,0.2547,0.4016,0.3281,0.6924,0.4916,0.592
21.9,-0.0849,0.6014,0.7205,0.6206,0.7449,0.6828,0.2605,0.3975,0.329,0.6675,0.4618,0.5647
22,-0.061,0.5881,0.7046,0.6154,0.7493,0.6823,0.2668,0.3987,0.3328,0.6442,0.4329,0.5386
22.1,-0.0365,0.579,0.6925,0.6165,0.7541,0.6853,0.2738,0.4055,0.3396,0.6225,0.4054,0.5139
22.2,-0.0127,0.5745,0.6844,0.6239,0.7598,0.6918,0.2815,0.4178,0.3496,0.602,0.3786,0.4903
22.3,0.0079,0.5747,0.6802,0.6374,0.7674,0.7024,0.2904,0.4354,0.3629,0.5827,0.3517,0.4672
22.4,0.0224,0.5789,0.6794,0.6568,0.7777,0.7173,0.301,0.4575,0.3792,0.565,0.3243,0.4446
22.5,0.0282,0.5861,0.6812,0.6818,0.7905,0.7362,0.3135,0.4828,0.3982,0.5491,0.296,0.4225
22.6,0.0239,0.5953,0.6844,0.7112,0.8051,0.7582,0.3279,0.5101,0.419,0.5349,0.267,0.401
22.7,0.0094,0.6059,0.688,0.7435,0.8204,0.782,0.3436,0.5381,0.4408,0.5226,0.2384,0.3805
22.8,-0.0135,0.6171,0.6919,0.7774,0.8354,0.8064,0.3603,0.5657,0.463,0.5121,0.2127,0.3624
22.9,-0.0413,0.6284,0.696,0.8118,0.8494,0.8306,0.3787,0.5921,0.4854,0.5036,0.1928,0.3482
23,-0.07,0.6389,0.7009,0.8454,0.8613,0.8534,0.3998,0.617,0.5084,0.4981,0.1811,0.3396
23.1,-0.0966,0.6477,0.7069,0.877,0.8708,0.8739,0.424,0.64,0.532,0.4962,0.1785,0.3373
23.2,-0.1203,0.6542,0.7138,0.9048,0.8778,0.8913,0.4509,0.6602,0.5555,0.4982,0.1841,0.3411
23.3,-0.1413,0.6581,0.7207,0.9274,0.8827,0.905,0.4785,0.6761,0.5773,0.5038,0.1963,0.35
23.4,-0.1592,0.6595,0.7263,0.9437,0.8863,0.915,0.5055,0.6873,0.5964,0.5121,0.2139,0.363
23.5,-0.1729,0.6587,0.7301,0.954,0.8889,0.9215,0.5312,0.694,0.6126,0.5223,0.2364,0.3793
23.6,-0.1819,0.6562,0.7322,0.9587,0.8904,0.9246,0.5554,0.6966,0.626,0.5339,0.2633,0.3986
23.7,-0.1867,0.6524,0.7325,0.9585,0.8897,0.9241,0.5774,0.695,0.6362,0.5459,0.2936,0.4198
23.8,-0.1881,0.6469,0.7306,0.9536,0.8857,0.9196,0.5956,0.6885,0.6421,0.5575,0.3255,0.4415
23.9,-0.1869,0.64,0.7258,0.9439,0.8777,0.9108,0.6087,0.6767,0.6427,0.5672,0.3568,0.462
24,-0.1835,0.6321,0.7176,0.9292,0.8655,0.8974,0.6162,0.6602,0.6382,0.5741,0.386,0.48
24.1,-0.1784,0.6233,0.7062,0.9093,0.8493,0.8793,0.6189,0.6404,0.6296,0.5777,0.412,0.4948
24.2,-0.1738,0.6134,0.6923,0.8841,0.8291,0.8566,0.617,0.6185,0.6177,0.5782,0.4343,0.5062
24.3,-0.1721,0.602,0.6767,0.854,0.805,0.8295,0.6104,0.5953,0.6029,0.5761,0.4529,0.5145
24.4,-0.1735,0.589,0.6601,0.8199,0.7775,0.7987,0.599,0.5716,0.5853,0.5721,0.4676,0.5199
24.5,-0.1757,0.5745,0.6437,0.7838,0.7475,0.7656,0.5836,0.5487,0.5662,0.5667,0.4784,0.5226
24.6,-0.1757,0.5588,0.6287,0.7475,0.7161,0.7318,0.5654,0.528,0.5467,0.5605,0.4859,0.5232
24.7,-0.1703,0.5425,0.6157,0.7123,0.6842,0.6982,0.5457,0.5102,0.528,0.5542,0.4909,0.5226
24.8,-0.1577,0.5257,0.6044,0.6792,0.6528,0.666,0.525,0.4955,0.5103,0.5484,0.4943,0.5214
24.9,-0.1365,0.5089,0.5946,0.6497,0.6236,0.6367,0.5033,0.4833,0.4933,0.5437,0.4969,0.5203
25,-0.1057,0.4927,0.5861,0.6256,0.5981,0.6119,0.4804,0.473,0.4767,0.5404,0.4999,0.5202
25.1,-0.0646,0.4776,0.5792,0.6079,0.577,0.5924,0.457,0.4644,0.4607,0.5392,0.5046,0.5219
25.2,-0.0144,0.4638,0.5746,0.596,0.5603,0.5782,0.4347,0.4575,0.4461,0.5401,0.5113,0.5257
25.3,0.0428,0.4511,0.5729,0.5884,0.5475,0.568,0.4152,0.4527,0.434,0.543,0.5196,0.5313
25.4,0.104,0.4393,0.5746,0.5832,0.5386,0.5609,0.4003,0.4503,0.4253,0.5476,0.5289,0.5382
25.5,0.1667,0.4289,0.5799,0.5797,0.5338,0.5568,0.3913,0.4507,0.421,0.5533,0.5387,0.546
25.6,0.2284,0.4205,0.5892,0.5782,0.5337,0.5559,0.3891,0.4546,0.4218,0.56,0.5491,0.5545
25.7,0.286,0.414,0.6025,0.5786,0.538,0.5583,0.3941,0.4618,0.4279,0.5674,0.5602,0.5638
25.8,0.3381,0.4093,0.6186,0.5799,0.5458,0.5628,0.4053,0.4719,0.4386,0.5752,0.572,0.5736
25.9,0.3845,0.4062,0.6356,0.5803,0.5557,0.568,0.421,0.4842,0.4526,0.5829,0.5845,0.5837
26,0.4254,0.4042,0.6516,0.5787,0.5662,0.5725,0.4398,0.4986,0.4692,0.59,0.5978,0.5939
26.1,0.4601,0.4033,0.6656,0.5747,0.5766,0.5757,0.4607,0.5151,0.4879,0.5964,0.6118,0.6041
26.2,0.4874,0.4034,0.6778,0.5687,0.5866,0.5777,0.4833,0.5338,0.5086,0.6018,0.6265,0.6141
26.3,0.5053,0.404,0.6884,0.5602,0.5962,0.5782,0.5065,0.5543,0.5304,0.6056,0.6413,0.6234
26.4,0.5118,0.4043,0.6973,0.5486,0.6049,0.5768,0.529,0.5753,0.5521,0.6071,0.6553,0.6312
26.5,0.5064,0.4039,0.7031,0.5332,0.6125,0.5729,0.5487,0.5951,0.5719,0.6054,0.6674,0.6364
26.6,0.4898,0.4027,0.7044,0.5139,0.6188,0.5663,0.5646,0.6119,0.5883,0.5996,0.6766,0.6381
26.7,0.4643,0.4011,0.7012,0.4919,0.6236,0.5577,0.5764,0.6249,0.6006,0.5889,0.6824,0.6357
26.8,0.4321,0.3995,0.6946,0.4685,0.6271,0.5478,0.5844,0.634,0.6092,0.5737,0.6845,0.6291
26.9,0.3949,0.398,0.6864,0.4452,0.6291,0.5371,0.5888,0.6401,0.6144,0.555,0.6832,0.6191
27,0.353,0.3959,0.6775,0.4228,0.6288,0.5258,0.5892,0.6433,0.6163,0.5347,0.6793,0.607
27.1,0.3061,0.3923,0.6683,0.4019,0.6256,0.5137,0.5849,0.6436,0.6143,0.5148,0.6738,0.5943
27.2,0.2547,0.3868,0.6583,0.3831,0.6192,0.5011,0.5756,0.6408,0.6082,0.4968,0.6677,0.5823
27.3,0.2004,0.3802,0.6479,0.3664,0.6098,0.4881,0.5615,0.6356,0.5985,0.4816,0.6614,0.5715
27.4,0.1444,0.3732,0.6377,0.352,0.5981,0.4751,0.544,0.629,0.5865,0.4699,0.6551,0.5625
27.5,0.0869,0.366,0.6284,0.3397,0.5852,0.4625,0.5243,0.6223,0.5733,0.4627,0.6491,0.5559
27.6,0.028,0.3588,0.6204,0.3295,0.5722,0.4508,0.5032,0.6161,0.5596,0.4613,0.6435,0.5524
27.7,-0.0312,0.352,0.6137,0.3214,0.5596,0.4405,0.4814,0.6103,0.5459,0.467,0.6394,0.5532
27.8,-0.088,0.3466,0.6079,0.3162,0.5481,0.4322,0.4601,0.6051,0.5326,0.4811,0.6379,0.5595
27.9,-0.1401,0.3438,0.6033,0.3148,0.5382,0.4265,0.4406,0.6007,0.5206,0.5034,0.6406,0.572
28,-0.1863,0.3444,0.6001,0.3184,0.5308,0.4246,0.4237,0.5974,0.5106,0.5334,0.6484,0.5909
28.1,-0.2269,0.349,0.5979,0.3278,0.5273,0.4276,0.41,0.595,0.5025,0.5701,0.6621,0.6161
28.2,-0.262,0.3574,0.5962,0.3431,0.5289,0.436,0.3996,0.5928,0.4962,0.6126,0.6812,0.6469
28.3,-0.2916,0.3697,0.5948,0.3639,0.5361,0.45,0.3928,0.5906,0.4917,0.6595,0.7038,0.6817
28.4,-0.315,0.3854,0.5938,0.3892,0.5487,0.4689,0.3901,0.5886,0.4894,0.7086,0.7276,0.7181
28.5,-0.3315,0.4033,0.5935,0.4181,0.5656,0.4919,0.3926,0.5878,0.4902,0.7578,0.7503,0.754
28.6,-0.3408,0.4217,0.5936,0.4505,0.5858,0.5181,0.4015,0.5891,0.4953,0.8059,0.7705,0.7882
28.7,-0.3421,0.4393,0.5936,0.4859,0.6085,0.5472,0.4175,0.5927,0.5051,0.8526,0.788,0.8203
28.8,-0.3337,0.4551,0.5921,0.5244,0.6331,0.5788,0.4404,0.5987,0.5196,0.8975,0.8027,0.8501
28.9,-0.3145,0.4688,0.5882,0.5657,0.6594,0.6125,0.4692,0.6067,0.538,0.9391,0.8138,0.8764
29,-0.285,0.48,0.5812,0.6089,0.6872,0.648,0.5026,0.6161,0.5594,0.9752,0.8189,0.8971
29.1,-0.2482,0.4875,0.5707,0.6527,0.7166,0.6846,0.5389,0.6259,0.5824,1.0037,0.8155,0.9096
29.2,-0.207,0.4909,0.5558,0.6954,0.748,0.7217,0.5762,0.6355,0.6059,1.0234,0.8016,0.9125
29.3,-0.1632,0.4905,0.5369,0.7356,0.7817,0.7587,0.6129,0.6446,0.6288,1.0344,0.7773,0.9058
29.4,-0.1186,0.487,0.5149,0.7723,0.818,0.7951,0.647,0.6534,0.6502,1.0363,0.7439,0.8901
29.5,-0.0738,0.4813,0.4919,0.8051,0.8568,0.831,0.6769,0.662,0.6694,1.0285,0.7036,0.866
29.6,-0.0297,0.4726,0.4697,0.8335,0.8968,0.8652,0.7019,0.6701,0.686,1.0101,0.6589,0.8345
29.7,0.0131,0.4596,0.449,0.8566,0.9363,0.8965,0.7224,0.6771,0.6998,0.9811,0.6121,0.7966
29.8,0.0551,0.4426,0.4299,0.8738,0.974,0.9239,0.7389,0.6828,0.7109,0.9429,0.5647,0.7538
29.9,0.0981,0.4238,0.4127,0.8863,1.0095,0.9479,0.752,0.6872,0.7196,0.8978,0.5187,0.7083
