Time,Advantage Air 30 - Viewing 1,Advantage Air 30 - Viewing 1,Advantage Air 30 - Viewing 1,Advantage Air 30 - Viewing 1,Advantage Air 30 - Viewing 1,Advantage Air 30 - Viewing 1,Advantage Air 30 - Viewing 1,Advantage Air 30 - Viewing 1,Advantage Air 30 - Viewing 1,Advantage Air 30 - Viewing 1,Advantage Air 30 - Viewing 1,Advantage Air 30 - Viewing 1
,Approach / Withdraw,Engagement,Emotional Intensity,Memory Encoding - Detail,Memory Encoding - Global,Memory Encoding - Composite,General Attention - Detail,General Attention - Global,General Attention - Composite,Visual Attention - Detail,Visual Attention - Global,Visual Attention - Composite
0,0.2893,0.6504,0.3138,0.7544,0.7979,0.7761,0.7819,0.6336,0.7077,0.4508,0.4189,0.4349
0.1,0.2716,0.6563,0.318,0.7475,0.7985,0.773,0.77,0.6438,0.7069,0.459,0.421,0.44
0.2,0.2482,0.6633,0.3219,0.7391,0.8,0.7696,0.7579,0.6525,0.7052,0.4662,0.4239,0.445
0.3,0.2208,0.6711,0.3247,0.7294,0.8019,0.7657,0.7453,0.6592,0.7023,0.472,0.4274,0.4497
0.4,0.1913,0.6796,0.3261,0.7184,0.8043,0.7613,0.7322,0.6641,0.6981,0.4764,0.4309,0.4536
0.5,0.1608,0.6888,0.3259,0.7062,0.8077,0.7569,0.7184,0.6674,0.6929,0.4789,0.434,0.4565
0.6,0.1298,0.6987,0.3248,0.6928,0.8124,0.7526,0.7041,0.6697,0.6869,0.4796,0.4362,0.4579
0.7,0.0978,0.709,0.3235,0.6783,0.8184,0.7483,0.6893,0.6709,0.6801,0.4786,0.4372,0.4579
0.8,0.0648,0.7192,0.3232,0.6628,0.8253,0.744,0.6739,0.6712,0.6725,0.4765,0.4373,0.4569
0.9,0.0312,0.7291,0.3248,0.6468,0.8325,0.7396,0.6582,0.6708,0.6645,0.4741,0.4367,0.4554
1,-0.0023,0.7376,0.329,0.6306,0.839,0.7348,0.6423,0.6698,0.656,0.4718,0.4354,0.4536
1.1,-0.0348,0.7434,0.3358,0.6142,0.8437,0.7289,0.6263,0.6685,0.6474,0.4696,0.4332,0.4514
1.2,-0.0658,0.7449,0.3454,0.5971,0.8455,0.7213,0.6106,0.6667,0.6386,0.4671,0.4291,0.4481
1.3,-0.0952,0.7413,0.3572,0.5791,0.8435,0.7113,0.5957,0.6644,0.63,0.4639,0.4227,0.4433
1.4,-0.123,0.7326,0.3709,0.5603,0.8372,0.6987,0.5823,0.6618,0.622,0.4599,0.4142,0.4371
1.5,-0.1487,0.7195,0.3861,0.5418,0.8265,0.6841,0.5709,0.6593,0.6151,0.4554,0.4046,0.43
1.6,-0.1712,0.7033,0.4025,0.5252,0.8121,0.6686,0.5621,0.6576,0.6099,0.4512,0.3949,0.4231
1.7,-0.1895,0.6848,0.4197,0.5118,0.7948,0.6533,0.5568,0.657,0.6069,0.4478,0.386,0.4169
1.8,-0.2031,0.6644,0.4376,0.502,0.7754,0.6387,0.5556,0.6579,0.6067,0.4454,0.3783,0.4119
1.9,-0.2119,0.6425,0.4559,0.4955,0.7546,0.625,0.5586,0.6603,0.6094,0.4442,0.3722,0.4082
2,-0.2153,0.62,0.4744,0.4921,0.7331,0.6126,0.5656,0.6639,0.6148,0.4443,0.3682,0.4063
2.1,-0.2128,0.5982,0.4925,0.4916,0.7115,0.6015,0.5748,0.6686,0.6217,0.4458,0.3667,0.4063
2.2,-0.2047,0.5776,0.5096,0.4935,0.6906,0.592,0.5838,0.6739,0.6289,0.4487,0.3675,0.4081
2.3,-0.1914,0.5591,0.5254,0.4982,0.6711,0.5846,0.5918,0.6798,0.6358,0.4531,0.3706,0.4118
2.4,-0.1733,0.5435,0.5395,0.5054,0.654,0.5797,0.5988,0.6864,0.6426,0.4584,0.3761,0.4173
2.5,-0.1517,0.5311,0.5514,0.5147,0.6401,0.5774,0.6044,0.6937,0.6491,0.4644,0.3836,0.424
2.6,-0.1285,0.5222,0.5603,0.5252,0.6298,0.5775,0.6081,0.7015,0.6548,0.4707,0.3925,0.4316
2.7,-0.1056,0.5169,0.5655,0.5361,0.6235,0.5798,0.6091,0.7093,0.6592,0.4775,0.4024,0.44
2.8,-0.0839,0.5154,0.5671,0.5471,0.6215,0.5843,0.6074,0.717,0.6622,0.4846,0.4132,0.4489
2.9,-0.0639,0.5182,0.5659,0.5582,0.6242,0.5912,0.6034,0.7246,0.664,0.4924,0.4253,0.4588
3,-0.0458,0.5255,0.5633,0.5698,0.6319,0.6008,0.5984,0.7324,0.6654,0.5014,0.4396,0.4705
3.1,-0.03,0.5375,0.5607,0.5823,0.6448,0.6135,0.5937,0.7408,0.6672,0.5125,0.4568,0.4847
3.2,-0.0176,0.554,0.5586,0.5956,0.6628,0.6292,0.5896,0.7497,0.6697,0.5261,0.4767,0.5014
3.3,-0.01,0.5742,0.5572,0.6093,0.6856,0.6474,0.5859,0.7589,0.6724,0.5418,0.4979,0.5198
3.4,-0.0077,0.5973,0.5558,0.6228,0.7127,0.6678,0.5815,0.7675,0.6745,0.5581,0.5183,0.5382
3.5,-0.0103,0.6224,0.5543,0.6358,0.7434,0.6896,0.5758,0.7747,0.6752,0.573,0.5357,0.5544
3.6,-0.0168,0.6487,0.5526,0.6485,0.777,0.7127,0.5686,0.7795,0.6741,0.5847,0.5486,0.5667
3.7,-0.0265,0.6754,0.5514,0.6608,0.8128,0.7368,0.5605,0.7815,0.671,0.5922,0.556,0.5741
3.8,-0.0395,0.7016,0.5517,0.673,0.8499,0.7614,0.5523,0.7804,0.6663,0.5954,0.5579,0.5766
3.9,-0.0556,0.7265,0.5546,0.6846,0.8871,0.7858,0.5445,0.7762,0.6604,0.5947,0.5549,0.5748
4,-0.0743,0.7495,0.5605,0.6956,0.9232,0.8094,0.5376,0.7691,0.6533,0.5909,0.5479,0.5694
4.1,-0.094,0.7703,0.5695,0.7065,0.9573,0.8319,0.5316,0.7595,0.6455,0.5849,0.538,0.5614
4.2,-0.1128,0.7891,0.5809,0.7181,0.9882,0.8532,0.5269,0.7475,0.6372,0.5772,0.5259,0.5516
4.3,-0.1293,0.806,0.5939,0.7307,1.0155,0.8731,0.5236,0.7337,0.6287,0.5686,0.5124,0.5405
4.4,-0.1429,0.8215,0.6075,0.744,1.0385,0.8912,0.5217,0.7186,0.6202,0.5595,0.4979,0.5287
4.5,-0.1537,0.8358,0.6209,0.7572,1.0567,0.907,0.5213,0.7027,0.612,0.5506,0.4831,0.5168
4.6,-0.162,0.8493,0.6332,0.77,1.07,0.92,0.5221,0.6862,0.6041,0.5427,0.469,0.5058
4.7,-0.168,0.8619,0.6439,0.7823,1.0779,0.9301,0.5236,0.6693,0.5964,0.5364,0.4567,0.4966
4.8,-0.1714,0.8733,0.6528,0.7945,1.0803,0.9374,0.5253,0.652,0.5886,0.5323,0.4469,0.4896
4.9,-0.1715,0.8828,0.6601,0.8064,1.0775,0.942,0.5264,0.6345,0.5804,0.5302,0.4394,0.4848
5,-0.1673,0.8899,0.6658,0.8179,1.0697,0.9438,0.5265,0.6169,0.5717,0.5298,0.4335,0.4817
5.1,-0.1579,0.894,0.6697,0.8285,1.0575,0.943,0.5256,0.5991,0.5624,0.5304,0.4283,0.4794
5.2,-0.1424,0.8954,0.6714,0.8387,1.0413,0.94,0.5237,0.5813,0.5525,0.5314,0.4232,0.4773
5.3,-0.1204,0.8946,0.6706,0.8488,1.0223,0.9355,0.5209,0.5634,0.5422,0.5322,0.4179,0.4751
5.4,-0.0917,0.8927,0.6672,0.8594,1.0014,0.9304,0.5171,0.5457,0.5314,0.5327,0.4126,0.4727
5.5,-0.0566,0.8904,0.6609,0.8707,0.9797,0.9252,0.5123,0.5285,0.5204,0.5328,0.4073,0.4701
5.6,-0.0158,0.8883,0.6514,0.8822,0.9584,0.9203,0.5066,0.5124,0.5095,0.5324,0.4021,0.4672
5.7,0.03,0.8866,0.6381,0.8936,0.9379,0.9157,0.4998,0.4976,0.4987,0.5312,0.3962,0.4637
5.8,0.0798,0.8852,0.6205,0.9043,0.9188,0.9116,0.4915,0.4842,0.4878,0.5284,0.3892,0.4588
5.9,0.133,0.8838,0.5987,0.9144,0.9016,0.908,0.4813,0.4718,0.4766,0.5237,0.3808,0.4523
6,0.1891,0.8827,0.5738,0.9242,0.8868,0.9055,0.4692,0.4605,0.4648,0.5168,0.3717,0.4442
6.1,0.248,0.8823,0.5469,0.9345,0.8748,0.9046,0.4558,0.4504,0.4531,0.5083,0.3629,0.4356
6.2,0.3102,0.8828,0.5191,0.9455,0.8659,0.9057,0.4424,0.4419,0.4422,0.4992,0.3559,0.4276
6.3,0.3758,0.8845,0.4913,0.9574,0.8599,0.9087,0.43,0.4352,0.4326,0.4902,0.3514,0.4208
6.4,0.4442,0.8871,0.4645,0.9701,0.8564,0.9133,0.4193,0.4304,0.4248,0.4818,0.3496,0.4157
6.5,0.514,0.8904,0.4397,0.9835,0.8551,0.9193,0.41,0.4279,0.4189,0.4741,0.3503,0.4122
6.6,0.5831,0.8946,0.4179,0.9974,0.8558,0.9266,0.4021,0.4284,0.4152,0.4675,0.3531,0.4103
6.7,0.6485,0.8994,0.4001,1.0117,0.8582,0.935,0.3961,0.4325,0.4143,0.4626,0.3577,0.4101
6.8,0.707,0.9045,0.3869,1.0261,0.8619,0.944,0.3929,0.4401,0.4165,0.4597,0.3638,0.4117
6.9,0.7548,0.9094,0.3786,1.04,0.8659,0.953,0.3935,0.451,0.4223,0.4592,0.3711,0.4152
7,0.7889,0.9136,0.3762,1.0531,0.8698,0.9615,0.3986,0.4651,0.4319,0.4618,0.3795,0.4206
7.1,0.8074,0.9177,0.3806,1.0657,0.8735,0.9696,0.4085,0.4829,0.4457,0.4683,0.3897,0.429
7.2,0.8105,0.9224,0.3924,1.0784,0.8777,0.9781,0.4234,0.5051,0.4642,0.4794,0.4023,0.4408
7.3,0.7998,0.9286,0.4112,1.0916,0.8825,0.9871,0.4432,0.5318,0.4875,0.4944,0.4173,0.4559
7.4,0.7774,0.9365,0.4355,1.1049,0.8875,0.9962,0.4677,0.5621,0.5149,0.5121,0.4336,0.4728
7.5,0.7461,0.9459,0.4636,1.1176,0.8919,1.0047,0.4958,0.5953,0.5456,0.5309,0.45,0.4905
7.6,0.7084,0.9568,0.4939,1.1293,0.8948,1.012,0.5265,0.6314,0.5789,0.5509,0.4661,0.5085
7.7,0.6668,0.9692,0.5254,1.1397,0.8961,1.0179,0.5583,0.6711,0.6147,0.5725,0.4825,0.5275
7.8,0.6242,0.983,0.5569,1.1491,0.8961,1.0226,0.5905,0.7141,0.6523,0.5958,0.4996,0.5477
7.9,0.5839,0.9974,0.5873,1.157,0.8946,1.0258,0.6224,0.7589,0.6906,0.6197,0.5171,0.5684
8,0.5498,1.0112,0.6158,1.1631,0.8911,1.0271,0.6539,0.8031,0.7285,0.6423,0.5342,0.5882
8.1,0.5249,1.0235,0.6423,1.1675,0.8852,1.0264,0.6856,0.8457,0.7657,0.6625,0.5503,0.6064
8.2,0.5105,1.0342,0.6675,1.1706,0.8773,1.0239,0.7183,0.8871,0.8027,0.6807,0.5661,0.6234
8.3,0.5055,1.0442,0.6918,1.1728,0.8682,1.0205,0.7525,0.9278,0.8402,0.698,0.583,0.6405
8.4,0.5082,1.0539,0.7147,1.1742,0.8588,1.0165,0.7884,0.9658,0.8771,0.7148,0.6019,0.6583
8.5,0.5164,1.0637,0.7353,1.1745,0.8496,1.0121,0.8254,0.9974,0.9114,0.7308,0.6231,0.677
8.6,0.5283,1.0739,0.7529,1.1735,0.8406,1.0071,0.8628,1.0189,0.9409,0.746,0.6463,0.6961
8.7,0.5416,1.0846,0.7674,1.1711,0.832,1.0016,0.9001,1.0294,0.9647,0.7607,0.6713,0.716
8.8,0.5541,1.0962,0.7791,1.1678,0.824,0.9959,0.9369,1.0295,0.9832,0.7756,0.6981,0.7369
8.9,0.5638,1.1083,0.7877,1.1633,0.8169,0.9901,0.9725,1.0205,0.9965,0.7906,0.7264,0.7585
9,0.5691,1.1202,0.7923,1.1571,0.8102,0.9837,1.0058,1.0032,1.0045,0.8043,0.7552,0.7797
9.1,0.5698,1.1311,0.7929,1.1487,0.8039,0.9763,1.0357,0.9785,1.0071,0.8158,0.783,0.7994
9.2,0.5655,1.1407,0.7908,1.1383,0.798,0.9681,1.0612,0.9484,1.0048,0.825,0.809,0.817
9.3,0.5565,1.1491,0.7885,1.1267,0.7932,0.9599,1.0826,0.9158,0.9992,0.8333,0.833,0.8331
9.4,0.5432,1.1566,0.788,1.1147,0.7904,0.9525,1.1007,0.8832,0.9919,0.842,0.8551,0.8486
9.5,0.5264,1.163,0.7899,1.1028,0.7896,0.9462,1.1167,0.852,0.9843,0.8519,0.875,0.8635
9.6,0.5077,1.1676,0.7939,1.0914,0.7905,0.9409,1.1308,0.8234,0.9771,0.8622,0.8919,0.8771
9.7,0.4881,1.1699,0.799,1.0803,0.7924,0.9364,1.1418,0.7982,0.97,0.8718,0.9042,0.888
9.8,0.4679,1.1694,0.8049,1.0693,0.7947,0.932,1.1479,0.7771,0.9625,0.8795,0.9104,0.8949
9.9,0.4465,1.1656,0.8109,1.058,0.7969,0.9275,1.1473,0.7603,0.9538,0.8845,0.9094,0.8969
10,0.4235,1.1582,0.8166,1.0459,0.7988,0.9224,1.1399,0.7475,0.9437,0.8864,0.9007,0.8936
10.1,0.3992,1.147,0.822,1.0332,0.8,0.9166,1.1266,0.738,0.9323,0.8854,0.8845,0.8849
10.2,0.3743,1.1322,0.8272,1.0203,0.8007,0.9105,1.1093,0.7317,0.9205,0.8817,0.862,0.8719
10.3,0.3496,1.1147,0.8328,1.008,0.8011,0.9045,1.0893,0.729,0.9091,0.8764,0.8349,0.8557
10.4,0.3252,1.0955,0.8386,0.997,0.8019,0.8994,1.0678,0.7298,0.8988,0.8701,0.8051,0.8376
10.5,0.3012,1.0757,0.844,0.9876,0.8035,0.8956,1.0452,0.7337,0.8894,0.8628,0.7738,0.8183
10.6,0.2776,1.0557,0.8478,0.9799,0.8059,0.8929,1.022,0.7397,0.8809,0.8542,0.7417,0.798
10.7,0.2549,1.0361,0.8492,0.974,0.809,0.8915,0.9988,0.7472,0.873,0.8441,0.7095,0.7768
10.8,0.2334,1.0173,0.8481,0.9699,0.8124,0.8912,0.9757,0.7561,0.8659,0.8323,0.6782,0.7553
10.9,0.2132,0.9997,0.8448,0.9679,0.8163,0.8921,0.9533,0.7666,0.8599,0.8197,0.6492,0.7344
11,0.1937,0.9832,0.839,0.9682,0.8207,0.8945,0.9318,0.7784,0.8551,0.8065,0.6238,0.7152
11.1,0.1745,0.9678,0.8304,0.9706,0.8255,0.8981,0.9116,0.7907,0.8512,0.7931,0.6024,0.6978
11.2,0.156,0.9528,0.8184,0.9747,0.8299,0.9023,0.893,0.8023,0.8476,0.7791,0.5847,0.6819
11.3,0.1387,0.9375,0.8031,0.9797,0.8331,0.9064,0.8762,0.8122,0.8442,0.7644,0.57,0.6672
11.4,0.1235,0.9215,0.7851,0.9852,0.8344,0.9098,0.8611,0.8205,0.8408,0.7496,0.5579,0.6538
11.5,0.1108,0.9047,0.7655,0.9908,0.8336,0.9122,0.8478,0.8276,0.8377,0.7357,0.5487,0.6422
11.6,0.1009,0.8872,0.7455,0.9958,0.8309,0.9134,0.8372,0.8337,0.8354,0.7232,0.5423,0.6327
11.7,0.0941,0.8694,0.7262,1,0.8267,0.9134,0.8293,0.8386,0.834,0.7122,0.5396,0.6259
11.8,0.0904,0.8523,0.7089,1.0031,0.8211,0.9121,0.823,0.8421,0.8325,0.7024,0.541,0.6217
11.9,0.0902,0.8364,0.6945,1.004,0.8144,0.9092,0.8177,0.8437,0.8307,0.6933,0.5449,0.6191
12,0.0933,0.8222,0.6837,1.0029,0.807,0.9049,0.8128,0.8436,0.8282,0.6848,0.5504,0.6176
12.1,0.0995,0.8101,0.6764,1.0001,0.7997,0.8999,0.8084,0.8421,0.8252,0.6772,0.557,0.6171
12.2,0.1085,0.8009,0.6725,0.9969,0.7932,0.895,0.8045,0.8395,0.822,0.6708,0.5644,0.6176
12.3,0.1199,0.7947,0.6715,0.9936,0.7881,0.8909,0.8016,0.8355,0.8186,0.6657,0.5725,0.6191
12.4,0.1327,0.7914,0.6733,0.9904,0.7845,0.8875,0.7994,0.8305,0.815,0.6624,0.5813,0.6218
12.5,0.1456,0.79,0.6775,0.9871,0.7824,0.8847,0.7979,0.8247,0.8113,0.6615,0.5904,0.6259
12.6,0.1571,0.7899,0.684,0.9836,0.7815,0.8826,0.7967,0.8187,0.8077,0.6638,0.5997,0.6318
12.7,0.167,0.7902,0.6923,0.98,0.7816,0.8808,0.796,0.8127,0.8044,0.6699,0.6096,0.6397
12.8,0.1753,0.7905,0.7016,0.976,0.7818,0.8789,0.796,0.8069,0.8015,0.6795,0.6205,0.65
12.9,0.1826,0.7905,0.7114,0.9713,0.7815,0.8764,0.7967,0.8011,0.7989,0.6921,0.6327,0.6624
13,0.1891,0.7901,0.7211,0.9654,0.7803,0.8729,0.7978,0.7953,0.7965,0.7067,0.6459,0.6763
13.1,0.1947,0.7894,0.7306,0.9584,0.7785,0.8684,0.7991,0.7893,0.7942,0.7226,0.6591,0.6909
13.2,0.1993,0.7887,0.7396,0.9504,0.7765,0.8635,0.8005,0.7831,0.7918,0.7387,0.6713,0.705
13.3,0.203,0.7884,0.7481,0.9418,0.7749,0.8583,0.8023,0.7765,0.7894,0.754,0.6815,0.7178
13.4,0.2061,0.7885,0.7556,0.9325,0.7735,0.853,0.8049,0.7692,0.787,0.7675,0.6894,0.7285
13.5,0.209,0.7888,0.7617,0.9222,0.772,0.8471,0.8081,0.7608,0.7844,0.7783,0.6948,0.7366
13.6,0.2123,0.789,0.7662,0.9108,0.7701,0.8405,0.8115,0.7508,0.7812,0.7865,0.6975,0.742
13.7,0.2165,0.7889,0.7692,0.8985,0.7676,0.8331,0.8144,0.7392,0.7768,0.7921,0.6977,0.7449
13.8,0.2222,0.7885,0.7709,0.8855,0.7644,0.825,0.8163,0.7258,0.771,0.7955,0.6956,0.7456
13.9,0.2296,0.7876,0.7716,0.8718,0.7604,0.8161,0.8173,0.7108,0.7641,0.7969,0.6919,0.7444
14,0.2385,0.7858,0.7714,0.8574,0.7552,0.8063,0.8175,0.6948,0.7561,0.7964,0.6868,0.7416
14.1,0.2485,0.7828,0.7706,0.842,0.7488,0.7954,0.8168,0.6785,0.7477,0.7943,0.6808,0.7375
14.2,0.2595,0.7783,0.7695,0.8259,0.7414,0.7837,0.8152,0.6625,0.7389,0.7911,0.6742,0.7327
14.3,0.2716,0.7727,0.7685,0.8101,0.7331,0.7716,0.8125,0.6477,0.7301,0.7875,0.6675,0.7275
14.4,0.2842,0.7662,0.7677,0.7953,0.7243,0.7598,0.8087,0.6347,0.7217,0.7842,0.6611,0.7227
14.5,0.2962,0.7594,0.7675,0.7825,0.7154,0.7489,0.8042,0.6245,0.7143,0.7812,0.6552,0.7182
14.6,0.3063,0.7529,0.768,0.7722,0.7072,0.7397,0.799,0.6179,0.7084,0.7785,0.6496,0.714
14.7,0.3138,0.7476,0.7699,0.765,0.7008,0.7329,0.7934,0.6157,0.7046,0.7759,0.6443,0.7101
14.8,0.3177,0.7443,0.7733,0.7618,0.6977,0.7297,0.7879,0.6181,0.703,0.7737,0.6396,0.7067
14.9,0.3172,0.7439,0.778,0.7626,0.699,0.7308,0.7827,0.6248,0.7037,0.7721,0.6358,0.704
15,0.3109,0.7466,0.7829,0.7675,0.7053,0.7364,0.7779,0.6349,0.7064,0.7712,0.6331,0.7021
15.1,0.2976,0.7522,0.7866,0.7758,0.7163,0.7461,0.773,0.6477,0.7104,0.7707,0.631,0.7008
15.2,0.2776,0.7602,0.7882,0.7865,0.7314,0.7589,0.767,0.6622,0.7146,0.7704,0.6288,0.6996
15.3,0.2525,0.7693,0.7872,0.7981,0.7499,0.774,0.7602,0.6771,0.7187,0.7703,0.6256,0.6979
15.4,0.2231,0.7792,0.7831,0.8107,0.7714,0.7911,0.7534,0.6921,0.7227,0.771,0.6214,0.6962
15.5,0.1905,0.7895,0.7754,0.8246,0.7955,0.81,0.7471,0.7069,0.727,0.7727,0.6168,0.6947
15.6,0.1568,0.7994,0.7635,0.8392,0.8212,0.8302,0.7417,0.7214,0.7316,0.7759,0.6119,0.6939
15.7,0.1245,0.8078,0.7474,0.8537,0.8472,0.8505,0.7371,0.7354,0.7362,0.7804,0.6068,0.6936
15.8,0.0959,0.8136,0.7276,0.8672,0.8721,0.8696,0.7324,0.7487,0.7405,0.7863,0.6013,0.6938
15.9,0.0727,0.8161,0.7048,0.8788,0.8948,0.8868,0.7267,0.7609,0.7438,0.7936,0.5958,0.6947
16,0.0563,0.8152,0.6797,0.8882,0.9142,0.9012,0.7198,0.7718,0.7458,0.8021,0.5909,0.6965
16.1,0.0477,0.8113,0.6529,0.8954,0.9297,0.9126,0.7117,0.7808,0.7463,0.811,0.5868,0.6989
16.2,0.0473,0.8051,0.6251,0.9002,0.9415,0.9209,0.703,0.7882,0.7456,0.8192,0.583,0.7011
16.3,0.0542,0.7976,0.5976,0.9024,0.9499,0.9261,0.6942,0.7944,0.7443,0.8256,0.5788,0.7022
16.4,0.0667,0.7896,0.5715,0.9017,0.9553,0.9285,0.6853,0.7999,0.7426,0.8293,0.5736,0.7015
16.5,0.0825,0.7813,0.5477,0.8979,0.9579,0.9279,0.6761,0.8049,0.7405,0.83,0.5676,0.6988
16.6,0.0998,0.7728,0.5265,0.8908,0.9575,0.9241,0.6662,0.8095,0.7379,0.8281,0.5612,0.6947
16.7,0.1173,0.7638,0.5083,0.8797,0.9534,0.9165,0.656,0.8136,0.7348,0.8245,0.5556,0.6901
16.8,0.1341,0.7542,0.4936,0.8645,0.9451,0.9048,0.646,0.8175,0.7317,0.8207,0.5514,0.6861
16.9,0.1491,0.7443,0.4831,0.8454,0.9332,0.8893,0.6367,0.8214,0.7291,0.8177,0.5492,0.6834
17,0.1608,0.7348,0.4777,0.8235,0.9189,0.8712,0.6286,0.8261,0.7273,0.8159,0.5488,0.6824
17.1,0.1672,0.7264,0.478,0.7997,0.9041,0.8519,0.622,0.8321,0.727,0.8152,0.5502,0.6827
17.2,0.167,0.7196,0.4841,0.7747,0.8902,0.8324,0.6172,0.8397,0.7285,0.8151,0.5529,0.684
17.3,0.1601,0.7146,0.4958,0.7489,0.8781,0.8135,0.6146,0.8489,0.7318,0.8151,0.5568,0.686
17.4,0.1475,0.7119,0.5126,0.7228,0.8679,0.7954,0.6141,0.8594,0.7368,0.8152,0.5616,0.6884
17.5,0.1306,0.7119,0.5339,0.698,0.8598,0.7789,0.6156,0.8703,0.7429,0.8156,0.5671,0.6913
17.6,0.1108,0.7149,0.5589,0.6762,0.8537,0.7649,0.6187,0.881,0.7498,0.8163,0.573,0.6947
17.7,0.0886,0.7211,0.5864,0.6586,0.8496,0.7541,0.6236,0.8908,0.7572,0.8175,0.5792,0.6984
17.8,0.0643,0.7299,0.6152,0.6456,0.8478,0.7467,0.6306,0.8998,0.7652,0.8191,0.5856,0.7024
17.9,0.0383,0.7407,0.6444,0.6368,0.8482,0.7425,0.6402,0.9084,0.7743,0.8214,0.5919,0.7066
18,0.0114,0.7528,0.6736,0.6318,0.8505,0.7412,0.6524,0.9168,0.7846,0.8243,0.5979,0.7111
18.1,-0.0155,0.7657,0.7026,0.6308,0.8546,0.7427,0.667,0.9252,0.7961,0.828,0.6034,0.7157
18.2,-0.0416,0.7793,0.731,0.6336,0.8603,0.7469,0.6839,0.9331,0.8085,0.8324,0.6084,0.7204
18.3,-0.0665,0.7932,0.7585,0.6401,0.8672,0.7536,0.7024,0.9396,0.821,0.8375,0.6133,0.7254
18.4,-0.0897,0.8067,0.7842,0.6496,0.8746,0.7621,0.7221,0.9436,0.8329,0.843,0.6182,0.7306
18.5,-0.1099,0.8189,0.8077,0.6617,0.8817,0.7717,0.7422,0.9442,0.8432,0.8483,0.6231,0.7357
18.6,-0.1258,0.8288,0.8283,0.6762,0.8874,0.7818,0.762,0.9407,0.8514,0.8531,0.6278,0.7405
18.7,-0.1367,0.8358,0.8457,0.6929,0.8909,0.7919,0.7813,0.9328,0.8571,0.857,0.6318,0.7444
18.8,-0.1426,0.8397,0.8597,0.7117,0.892,0.8018,0.7998,0.9207,0.8602,0.8602,0.6348,0.7475
18.9,-0.1444,0.8406,0.8705,0.732,0.8906,0.8113,0.8169,0.9048,0.8609,0.8629,0.637,0.75
19,-0.1427,0.8392,0.8791,0.7533,0.8871,0.8202,0.8318,0.8856,0.8587,0.8651,0.6388,0.7519
19.1,-0.1379,0.8361,0.8865,0.7753,0.8816,0.8285,0.8434,0.8638,0.8536,0.8663,0.6408,0.7535
19.2,-0.13,0.832,0.8937,0.7977,0.8739,0.8358,0.8514,0.8399,0.8457,0.8657,0.6436,0.7547
19.3,-0.1199,0.8275,0.9014,0.82,0.864,0.842,0.8563,0.8149,0.8356,0.8628,0.6477,0.7552
19.4,-0.1083,0.823,0.9096,0.8409,0.8518,0.8464,0.8591,0.79,0.8245,0.8571,0.6528,0.755
19.5,-0.0963,0.8183,0.9183,0.8594,0.8375,0.8484,0.8608,0.7665,0.8136,0.8486,0.6585,0.7535
19.6,-0.0846,0.8134,0.927,0.8743,0.8211,0.8477,0.8619,0.7458,0.8038,0.8374,0.6642,0.7508
19.7,-0.0742,0.8077,0.9353,0.8847,0.8027,0.8437,0.8621,0.7286,0.7954,0.8239,0.6698,0.7469
19.8,-0.0656,0.8008,0.9421,0.8903,0.7827,0.8365,0.8612,0.7153,0.7883,0.809,0.6756,0.7423
19.9,-0.059,0.7924,0.9459,0.8904,0.7615,0.8259,0.859,0.7053,0.7822,0.793,0.6815,0.7372
20,-0.0537,0.7827,0.9452,0.885,0.74,0.8125,0.8555,0.698,0.7767,0.776,0.6867,0.7313
20.1,-0.0486,0.7721,0.9394,0.8746,0.7192,0.7969,0.851,0.6925,0.7717,0.7575,0.6902,0.7238
20.2,-0.0432,0.7613,0.9286,0.8603,0.7003,0.7803,0.8453,0.6882,0.7668,0.7371,0.6912,0.7141
20.3,-0.0379,0.7512,0.9134,0.8438,0.6842,0.764,0.8385,0.685,0.7617,0.7148,0.6897,0.7023
20.4,-0.0331,0.7425,0.8947,0.8266,0.6713,0.749,0.8305,0.6826,0.7565,0.6917,0.6863,0.689
20.5,-0.0286,0.7359,0.8731,0.81,0.6618,0.7359,0.8215,0.6812,0.7513,0.6688,0.6818,0.6753
20.6,-0.0236,0.7318,0.8488,0.7951,0.655,0.7251,0.8121,0.6809,0.7465,0.6475,0.6767,0.6621
20.7,-0.0178,0.7304,0.8221,0.7826,0.6506,0.7166,0.8032,0.6817,0.7425,0.6286,0.6715,0.65
20.8,-0.0114,0.7321,0.7938,0.7733,0.6482,0.7108,0.7955,0.6839,0.7397,0.6126,0.6665,0.6396
20.9,-0.0058,0.7373,0.765,0.768,0.6481,0.708,0.7896,0.6879,0.7388,0.6004,0.6628,0.6316
21,-0.0027,0.7461,0.7372,0.7667,0.6508,0.7087,0.7862,0.6943,0.7403,0.5929,0.6613,0.6271
21.1,-0.003,0.7585,0.712,0.7693,0.6567,0.713,0.786,0.7039,0.7449,0.5906,0.6628,0.6267
21.2,-0.007,0.7741,0.6908,0.7751,0.6658,0.7204,0.7888,0.7172,0.753,0.5934,0.6675,0.6304
21.3,-0.0151,0.7926,0.6739,0.7835,0.6775,0.7305,0.7941,0.7342,0.7641,0.6007,0.6752,0.638
21.4,-0.0275,0.8139,0.6613,0.7941,0.6914,0.7428,0.8009,0.7543,0.7776,0.6116,0.6855,0.6485
21.5,-0.0437,0.8374,0.6524,0.807,0.7068,0.7569,0.8081,0.7766,0.7923,0.625,0.6974,0.6612
21.6,-0.0622,0.8625,0.6467,0.8217,0.7233,0.7725,0.8152,0.7999,0.8075,0.6398,0.7103,0.675
21.7,-0.0806,0.8875,0.644,0.8376,0.7396,0.7886,0.8219,0.8234,0.8227,0.6545,0.7235,0.689
21.8,-0.0962,0.9106,0.6443,0.8534,0.7544,0.8039,0.8283,0.8467,0.8375,0.6678,0.7367,0.7023
21.9,-0.108,0.9299,0.648,0.8678,0.766,0.8169,0.8342,0.8695,0.8518,0.679,0.7495,0.7142
22,-0.1162,0.9446,0.6552,0.8798,0.7737,0.8268,0.8392,0.8922,0.8657,0.6878,0.7616,0.7247
22.1,-0.1213,0.9546,0.6662,0.8889,0.7775,0.8332,0.8428,0.9148,0.8788,0.6946,0.773,0.7338
22.2,-0.1231,0.9599,0.681,0.8945,0.778,0.8362,0.8446,0.9366,0.8906,0.6996,0.7835,0.7415
22.3,-0.1207,0.9603,0.6993,0.8964,0.7753,0.8359,0.8439,0.9564,0.9002,0.703,0.7931,0.7481
22.4,-0.1124,0.9554,0.7208,0.8944,0.7692,0.8318,0.8405,0.9729,0.9067,0.7046,0.802,0.7533
22.5,-0.0975,0.9449,0.7446,0.888,0.7594,0.8237,0.8345,0.9851,0.9098,0.7046,0.8099,0.7572
22.6,-0.0764,0.9285,0.7693,0.8772,0.7458,0.8115,0.8267,0.993,0.9098,0.7034,0.8167,0.7601
22.7,-0.0505,0.9061,0.7938,0.8621,0.7289,0.7955,0.8176,0.9971,0.9074,0.7019,0.8223,0.7621
22.8,-0.0218,0.8782,0.8166,0.8435,0.7095,0.7765,0.8077,0.9978,0.9028,0.7005,0.8264,0.7634
22.9,0.0082,0.8457,0.8369,0.8222,0.6886,0.7554,0.7972,0.995,0.8961,0.6996,0.8289,0.7643
23,0.038,0.8102,0.8542,0.7996,0.6669,0.7333,0.7864,0.9887,0.8875,0.6996,0.83,0.7648
23.1,0.067,0.7734,0.8681,0.7767,0.6453,0.711,0.7758,0.9787,0.8772,0.7006,0.8299,0.7653
23.2,0.0946,0.7372,0.8785,0.7544,0.6247,0.6895,0.766,0.9653,0.8656,0.703,0.8286,0.7658
23.3,0.1205,0.703,0.8849,0.7333,0.606,0.6697,0.7572,0.9485,0.8529,0.7064,0.8258,0.7661
23.4,0.1445,0.6721,0.8872,0.7145,0.5903,0.6524,0.7492,0.9285,0.8388,0.7106,0.8211,0.7659
23.5,0.1669,0.6457,0.8858,0.6986,0.5777,0.6382,0.7413,0.9056,0.8235,0.7152,0.8146,0.7649
23.6,0.1878,0.6244,0.8816,0.6864,0.568,0.6272,0.7336,0.8808,0.8072,0.7206,0.8068,0.7637
23.7,0.207,0.6077,0.8756,0.6776,0.5604,0.619,0.7261,0.8551,0.7906,0.7273,0.7987,0.763
23.8,0.2239,0.5952,0.8683,0.6716,0.5545,0.613,0.7195,0.8299,0.7747,0.7355,0.7909,0.7632
23.9,0.2381,0.5866,0.8596,0.6681,0.5501,0.6091,0.7137,0.8061,0.7599,0.7449,0.7837,0.7643
24,0.2499,0.582,0.8494,0.6671,0.548,0.6076,0.7088,0.7844,0.7466,0.7548,0.7775,0.7661
24.1,0.2599,0.582,0.8387,0.6689,0.5484,0.6086,0.7047,0.7656,0.7352,0.765,0.7726,0.7688
24.2,0.2688,0.5861,0.8287,0.6731,0.5511,0.6121,0.7018,0.7504,0.7261,0.7757,0.7698,0.7728
24.3,0.2762,0.593,0.8208,0.6784,0.5551,0.6168,0.7005,0.739,0.7198,0.7873,0.7698,0.7785
24.4,0.2817,0.6003,0.8155,0.6835,0.5594,0.6214,0.7008,0.7315,0.7161,0.7994,0.7721,0.7858
24.5,0.2851,0.6062,0.8121,0.6874,0.563,0.6252,0.7024,0.7273,0.7149,0.8112,0.7754,0.7933
24.6,0.2871,0.61,0.8093,0.69,0.5655,0.6278,0.7048,0.7262,0.7155,0.8214,0.7778,0.7996
24.7,0.2885,0.6117,0.8059,0.6922,0.567,0.6296,0.7075,0.7275,0.7175,0.829,0.7778,0.8034
24.8,0.2888,0.6113,0.8008,0.6948,0.5677,0.6313,0.7105,0.7307,0.7206,0.8335,0.7739,0.8037
24.9,0.2856,0.6088,0.7931,0.698,0.5686,0.6333,0.7128,0.7354,0.7241,0.8344,0.7665,0.8004
25,0.2787,0.6045,0.7833,0.7012,0.5699,0.6356,0.7143,0.7411,0.7277,0.8315,0.7564,0.7939
25.1,0.2684,0.5987,0.7718,0.7043,0.5716,0.638,0.7147,0.7471,0.7309,0.8256,0.7446,0.7851
25.2,0.2547,0.5926,0.7587,0.7075,0.5739,0.6407,0.714,0.7537,0.7338,0.8179,0.7321,0.775
25.3,0.2376,0.587,0.7443,0.7112,0.5775,0.6443,0.7123,0.7609,0.7366,0.81,0.7199,0.7649
25.4,0.2173,0.5829,0.7289,0.7162,0.5826,0.6494,0.7099,0.7691,0.7395,0.8025,0.7085,0.7555
25.5,0.1941,0.5807,0.7128,0.7231,0.5898,0.6565,0.7072,0.7779,0.7426,0.7958,0.6982,0.747
25.6,0.169,0.5808,0.6962,0.7321,0.5991,0.6656,0.7046,0.7872,0.7459,0.7897,0.6891,0.7394
25.7,0.1423,0.5832,0.6794,0.7427,0.6102,0.6764,0.7024,0.7968,0.7496,0.7838,0.6812,0.7325
25.8,0.114,0.588,0.6625,0.7542,0.6228,0.6885,0.7008,0.807,0.7539,0.778,0.6747,0.7264
25.9,0.0836,0.5945,0.6459,0.7662,0.6368,0.7015,0.6998,0.8179,0.7588,0.7719,0.6694,0.7207
26,0.0513,0.6021,0.6299,0.7778,0.6518,0.7148,0.6995,0.8295,0.7645,0.7651,0.6649,0.715
26.1,0.0178,0.6104,0.6146,0.7886,0.6674,0.728,0.6998,0.8414,0.7706,0.7572,0.6605,0.7088
26.2,-0.0158,0.619,0.6003,0.7978,0.683,0.7404,0.7007,0.8528,0.7768,0.7481,0.6554,0.7017
26.3,-0.0489,0.6276,0.5868,0.8045,0.6975,0.751,0.702,0.8631,0.7825,0.7376,0.6492,0.6934
26.4,-0.0813,0.6358,0.574,0.8076,0.7102,0.7589,0.7031,0.8715,0.7873,0.7256,0.6416,0.6836
26.5,-0.1133,0.6431,0.5617,0.8064,0.7205,0.7635,0.7034,0.878,0.7907,0.7116,0.6326,0.6721
26.6,-0.1448,0.649,0.5497,0.8008,0.7286,0.7647,0.702,0.8827,0.7924,0.6955,0.6219,0.6587
26.7,-0.1752,0.6536,0.5374,0.7911,0.7348,0.7629,0.6979,0.8854,0.7917,0.6768,0.6092,0.643
26.8,-0.2036,0.6571,0.5248,0.7783,0.7392,0.7588,0.6901,0.8858,0.788,0.6559,0.5944,0.6251
26.9,-0.2289,0.6593,0.5117,0.7632,0.7417,0.7525,0.678,0.8838,0.7809,0.6328,0.5774,0.6051
27,-0.2506,0.6597,0.4979,0.7462,0.7417,0.7439,0.6611,0.8791,0.7701,0.6078,0.5585,0.5832
27.1,-0.2684,0.6575,0.483,0.7271,0.7388,0.7329,0.6394,0.8718,0.7556,0.5809,0.5379,0.5594
27.2,-0.2816,0.6521,0.4666,0.7058,0.7327,0.7193,0.6125,0.8615,0.737,0.552,0.5159,0.5339
27.3,-0.2893,0.6434,0.4488,0.6827,0.7234,0.7031,0.5804,0.8478,0.7141,0.5211,0.4923,0.5067
27.4,-0.29,0.6312,0.4298,0.6583,0.7107,0.6845,0.5435,0.8301,0.6868,0.4889,0.4674,0.4781
27.5,-0.2825,0.6151,0.4108,0.6333,0.6941,0.6637,0.5033,0.8085,0.6559,0.4563,0.442,0.4492
27.6,-0.2664,0.5943,0.3925,0.608,0.673,0.6405,0.4624,0.7835,0.623,0.4248,0.4169,0.4208
27.7,-0.2422,0.5684,0.3752,0.5823,0.6472,0.6148,0.4231,0.7557,0.5894,0.3952,0.3932,0.3942
27.8,-0.2107,0.538,0.3582,0.5564,0.6172,0.5868,0.3866,0.7251,0.5559,0.3679,0.3712,0.3695
27.9,-0.173,0.5051,0.3412,0.5309,0.5841,0.5575,0.3537,0.692,0.5229,0.343,0.3514,0.3472
28,-0.1305,0.4724,0.3243,0.5067,0.5496,0.5282,0.3254,0.6572,0.4913,0.3212,0.3345,0.3279
28.1,-0.0852,0.4424,0.3092,0.4846,0.516,0.5003,0.3037,0.6224,0.463,0.304,0.3225,0.3132
28.2,-0.0395,0.4167,0.2979,0.4652,0.4849,0.4751,0.2906,0.5898,0.4402,0.2932,0.3174,0.3053
28.3,0.0035,0.3959,0.2909,0.4479,0.4577,0.4528,0.2857,0.5611,0.4234,0.289,0.3205,0.3047
28.4,0.0434,0.3793,0.2875,0.4318,0.4334,0.4326,0.2874,0.5362,0.4118,0.29,0.33,0.31
28.5,0.0805,0.3669,0.2878,0.4169,0.4115,0.4142,0.2955,0.5156,0.4056,0.2957,0.3444,0.32
28.6,0.1141,0.3589,0.292,0.4034,0.3923,0.3978,0.3097,0.5004,0.405,0.3053,0.3624,0.3339
28.7,0.1432,0.3554,0.3008,0.3915,0.3761,0.3838,0.3305,0.4914,0.4109,0.3185,0.3834,0.3509
28.8,0.1672,0.3563,0.3141,0.381,0.3629,0.372,0.358,0.4888,0.4234,0.3348,0.4067,0.3707
28.9,0.1859,0.3609,0.3313,0.3716,0.3524,0.362,0.3919,0.4912,0.4415,0.3539,0.4311,0.3925
29,0.1996,0.3678,0.3509,0.3628,0.3439,0.3534,0.4308,0.4971,0.464,0.375,0.4549,0.4149
29.1,0.2085,0.3759,0.3718,0.3541,0.3371,0.3456,0.4732,0.5057,0.4895,0.397,0.4766,0.4368
29.2,0.2128,0.3842,0.3939,0.3452,0.3322,0.3387,0.5179,0.5169,0.5174,0.4195,0.4953,0.4574
29.3,0.2127,0.3924,0.4173,0.3366,0.33,0.3333,0.5644,0.5306,0.5475,0.442,0.511,0.4765
29.4,0.2093,0.4007,0.4421,0.3288,0.3313,0.3301,0.6117,0.5465,0.5791,0.4649,0.5242,0.4945
29.5,0.2045,0.4094,0.4677,0.3228,0.3364,0.3296,0.6586,0.5639,0.6112,0.4885,0.5352,0.5118
29.6,0.2001,0.4188,0.4936,0.3195,0.3453,0.3324,0.7037,0.5822,0.643,0.5125,0.5442,0.5283
29.7,0.1965,0.4289,0.5194,0.3195,0.358,0.3388,0.7454,0.6014,0.6734,0.5364,0.551,0.5437
29.8,0.1936,0.4397,0.5454,0.3234,0.3749,0.3492,0.7827,0.6212,0.7019,0.5589,0.5559,0.5574
29.9,0.1908,0.4515,0.5715,0.3316,0.3964,0.364,0.8146,0.641,0.7278,0.579,0.559,0.569
