Time,iPhone XS XR Optus TVC 30,iPhone XS XR Optus TVC 30,iPhone XS XR Optus TVC 30,iPhone XS XR Optus TVC 30,iPhone XS XR Optus TVC 30,iPhone XS XR Optus TVC 30,iPhone XS XR Optus TVC 30,iPhone XS XR Optus TVC 30,iPhone XS XR Optus TVC 30,iPhone XS XR Optus TVC 30,iPhone XS XR Optus TVC 30,iPhone XS XR Optus TVC 30
,Approach / Withdraw,Engagement,Emotional Intensity,Memory Encoding - Detail,Memory Encoding - Global,Memory Encoding - Composite,General Attention - Detail,General Attention - Global,General Attention - Composite,Visual Attention - Detail,Visual Attention - Global,Visual Attention - Composite
0,0.2833,0.7037,0.6169,0.8358,0.6613,0.7485,0.5526,0.6113,0.582,0.6001,0.5773,0.5887
0.1,0.2827,0.6758,0.6088,0.7955,0.6481,0.7218,0.5427,0.6116,0.5771,0.575,0.5568,0.5659
0.2,0.2751,0.6472,0.5992,0.7538,0.6363,0.6951,0.5327,0.6125,0.5726,0.5482,0.5349,0.5415
0.3,0.2622,0.619,0.5886,0.7128,0.6262,0.6695,0.5231,0.6143,0.5687,0.5203,0.5113,0.5158
0.4,0.2468,0.5921,0.5774,0.6746,0.6174,0.646,0.5149,0.6173,0.5661,0.4925,0.4863,0.4894
0.5,0.2322,0.5675,0.5662,0.641,0.6098,0.6254,0.5089,0.6214,0.5652,0.4665,0.4606,0.4635
0.6,0.2215,0.5458,0.5557,0.6136,0.6031,0.6083,0.506,0.6268,0.5664,0.4441,0.4352,0.4397
0.7,0.217,0.527,0.5468,0.5928,0.5968,0.5948,0.5064,0.6335,0.57,0.4267,0.4113,0.419
0.8,0.2195,0.5117,0.5403,0.5785,0.5907,0.5846,0.5101,0.6417,0.5759,0.4147,0.3903,0.4025
0.9,0.2295,0.5002,0.537,0.5702,0.5852,0.5777,0.5171,0.6514,0.5842,0.4086,0.3733,0.391
1,0.2466,0.4928,0.5377,0.568,0.5807,0.5744,0.5274,0.6626,0.595,0.4081,0.3612,0.3847
1.1,0.2697,0.4899,0.5433,0.5721,0.5781,0.5751,0.541,0.6755,0.6082,0.4126,0.3541,0.3833
1.2,0.2981,0.4919,0.5543,0.5823,0.5781,0.5802,0.5583,0.6904,0.6243,0.4217,0.3522,0.3869
1.3,0.3309,0.4998,0.5706,0.5985,0.5812,0.5899,0.5795,0.7072,0.6434,0.435,0.3561,0.3955
1.4,0.367,0.5147,0.5916,0.6206,0.5877,0.6042,0.605,0.7256,0.6653,0.452,0.3659,0.4089
1.5,0.4054,0.537,0.6165,0.6489,0.5975,0.6232,0.6346,0.745,0.6898,0.4718,0.3819,0.4268
1.6,0.4451,0.5663,0.6445,0.6833,0.6105,0.6469,0.6677,0.7651,0.7164,0.4938,0.4037,0.4488
1.7,0.4851,0.6013,0.6746,0.7236,0.6264,0.675,0.7031,0.7853,0.7442,0.5173,0.4305,0.4739
1.8,0.5241,0.641,0.7053,0.7689,0.6448,0.7069,0.7395,0.8052,0.7724,0.5419,0.4611,0.5015
1.9,0.5588,0.6843,0.735,0.818,0.6657,0.7418,0.7762,0.8244,0.8003,0.5672,0.4946,0.5309
2,0.5851,0.7304,0.7627,0.8691,0.6895,0.7793,0.8126,0.8428,0.8277,0.5925,0.5291,0.5608
2.1,0.6,0.7781,0.788,0.9204,0.7171,0.8187,0.8477,0.8609,0.8543,0.6167,0.5624,0.5895
2.2,0.6024,0.8266,0.8101,0.9701,0.7487,0.8594,0.8805,0.8784,0.8795,0.6389,0.5926,0.6157
2.3,0.5929,0.8744,0.8277,1.0167,0.7839,0.9003,0.9097,0.8945,0.9021,0.6579,0.6182,0.638
2.4,0.5727,0.9199,0.8395,1.0591,0.8214,0.9403,0.9341,0.9084,0.9213,0.673,0.6384,0.6557
2.5,0.5444,0.9609,0.8449,1.0963,0.8597,0.978,0.9535,0.9194,0.9364,0.684,0.6529,0.6685
2.6,0.5102,0.9956,0.8443,1.1275,0.8972,1.0123,0.9676,0.9274,0.9475,0.6914,0.6627,0.677
2.7,0.4721,1.0231,0.8385,1.1519,0.9332,1.0426,0.9766,0.9323,0.9544,0.6959,0.6686,0.6823
2.8,0.4318,1.043,0.8279,1.1696,0.9664,1.068,0.9808,0.9344,0.9576,0.6984,0.6717,0.685
2.9,0.3912,1.0555,0.8132,1.1806,0.996,1.0883,0.9806,0.9337,0.9572,0.6994,0.6723,0.6859
3,0.3516,1.0613,0.795,1.1857,1.0212,1.1034,0.9768,0.9306,0.9537,0.6996,0.6712,0.6854
3.1,0.3138,1.0611,0.7747,1.1858,1.0421,1.1139,0.9699,0.9256,0.9478,0.6995,0.6687,0.6841
3.2,0.2777,1.056,0.7542,1.182,1.0592,1.1206,0.9609,0.9194,0.9402,0.6997,0.6656,0.6826
3.3,0.2418,1.0468,0.7343,1.1748,1.0731,1.124,0.9511,0.9127,0.9319,0.7005,0.6622,0.6814
3.4,0.2048,1.0337,0.7156,1.1644,1.0841,1.1243,0.9415,0.9059,0.9237,0.702,0.6589,0.6804
3.5,0.1656,1.0172,0.6984,1.1506,1.0923,1.1215,0.9331,0.8992,0.9161,0.7042,0.6554,0.6798
3.6,0.1241,0.9974,0.6828,1.1337,1.0977,1.1157,0.9267,0.8922,0.9094,0.7068,0.6515,0.6792
3.7,0.0807,0.9752,0.6695,1.1137,1.1005,1.1071,0.9228,0.8843,0.9035,0.7101,0.6473,0.6787
3.8,0.0361,0.9508,0.6586,1.0904,1.1006,1.0955,0.9215,0.8753,0.8984,0.7142,0.6433,0.6788
3.9,-0.0088,0.9242,0.6498,1.0634,1.0977,1.0805,0.9226,0.8649,0.8937,0.7196,0.64,0.6798
4,-0.0526,0.895,0.642,1.0317,1.0906,1.0611,0.9254,0.8531,0.8893,0.7257,0.6372,0.6815
4.1,-0.094,0.8626,0.6343,0.9942,1.0781,1.0362,0.929,0.8399,0.8845,0.7313,0.6341,0.6827
4.2,-0.1325,0.8269,0.6263,0.95,1.0595,1.0048,0.9322,0.8247,0.8785,0.7351,0.6299,0.6825
4.3,-0.1688,0.7881,0.6178,0.899,1.0347,0.9668,0.9336,0.8074,0.8705,0.7365,0.624,0.6803
4.4,-0.2035,0.7466,0.6086,0.8416,1.004,0.9228,0.9323,0.7878,0.86,0.7353,0.6165,0.6759
4.5,-0.2376,0.7033,0.5985,0.779,0.9683,0.8736,0.9282,0.7663,0.8473,0.7322,0.6078,0.67
4.6,-0.2713,0.659,0.5874,0.713,0.9284,0.8207,0.9216,0.7437,0.8326,0.7283,0.599,0.6637
4.7,-0.3045,0.6148,0.576,0.646,0.8852,0.7656,0.9128,0.7205,0.8166,0.725,0.5908,0.6579
4.8,-0.3373,0.5722,0.5652,0.5808,0.8404,0.7106,0.9022,0.6972,0.7997,0.7229,0.5836,0.6533
4.9,-0.3696,0.5325,0.5555,0.5198,0.7958,0.6578,0.89,0.6744,0.7822,0.7225,0.5776,0.65
5,-0.4004,0.4967,0.5468,0.4648,0.7534,0.6091,0.8759,0.6525,0.7642,0.7233,0.5727,0.648
5.1,-0.4286,0.4655,0.539,0.4169,0.7152,0.566,0.8596,0.632,0.7458,0.7244,0.5684,0.6464
5.2,-0.4533,0.4396,0.5322,0.3769,0.6825,0.5297,0.841,0.6134,0.7272,0.7249,0.5643,0.6446
5.3,-0.4739,0.4194,0.5273,0.3453,0.6567,0.501,0.8204,0.5974,0.7089,0.7244,0.5601,0.6422
5.4,-0.4898,0.4056,0.5248,0.3223,0.6384,0.4803,0.7984,0.5846,0.6915,0.7228,0.556,0.6394
5.5,-0.4986,0.3988,0.5249,0.308,0.6277,0.4679,0.7754,0.5754,0.6754,0.7203,0.5525,0.6364
5.6,-0.4984,0.3994,0.5273,0.3029,0.6243,0.4636,0.7516,0.5703,0.6609,0.7172,0.5504,0.6338
5.7,-0.4865,0.408,0.5317,0.3073,0.6283,0.4678,0.7268,0.569,0.6479,0.7136,0.5503,0.6319
5.8,-0.4604,0.4249,0.5384,0.3217,0.6404,0.4811,0.7014,0.5715,0.6364,0.7093,0.5522,0.6307
5.9,-0.4176,0.4509,0.5485,0.3461,0.6613,0.5037,0.6761,0.5781,0.6271,0.7048,0.5565,0.6307
6,-0.3561,0.4868,0.5625,0.3805,0.6908,0.5356,0.652,0.5891,0.6205,0.7002,0.5637,0.632
6.1,-0.2753,0.5333,0.5805,0.4246,0.7279,0.5762,0.6301,0.6045,0.6173,0.6954,0.5737,0.6346
6.2,-0.1778,0.5898,0.602,0.4772,0.7702,0.6237,0.6109,0.6241,0.6175,0.6902,0.5862,0.6382
6.3,-0.0704,0.6533,0.6263,0.536,0.8147,0.6753,0.5949,0.647,0.6209,0.6842,0.6004,0.6423
6.4,0.0374,0.7201,0.6523,0.5969,0.8585,0.7277,0.5823,0.6722,0.6272,0.6776,0.6155,0.6465
6.5,0.1376,0.7863,0.6785,0.6564,0.8994,0.7779,0.5733,0.6988,0.636,0.67,0.6305,0.6502
6.6,0.2247,0.8494,0.7037,0.7111,0.9354,0.8233,0.5679,0.7258,0.6468,0.6611,0.6446,0.6528
6.7,0.2955,0.9078,0.727,0.7587,0.9652,0.8619,0.5658,0.7522,0.659,0.6508,0.6573,0.654
6.8,0.3476,0.9601,0.7481,0.7972,0.9878,0.8925,0.5666,0.7768,0.6717,0.6391,0.6683,0.6537
6.9,0.3801,1.0056,0.7668,0.8256,1.0034,0.9145,0.57,0.7987,0.6844,0.6266,0.6773,0.6519
7,0.3936,1.0439,0.7827,0.8438,1.0127,0.9283,0.5763,0.8174,0.6968,0.6138,0.6844,0.6491
7.1,0.3892,1.0751,0.7949,0.8517,1.0165,0.9341,0.5854,0.8326,0.709,0.6015,0.6899,0.6457
7.2,0.3673,1.0996,0.8029,0.8497,1.0151,0.9324,0.5971,0.8445,0.7208,0.5903,0.694,0.6422
7.3,0.3283,1.1179,0.8065,0.8394,1.0096,0.9245,0.6108,0.8538,0.7323,0.5814,0.697,0.6392
7.4,0.2738,1.1309,0.8062,0.8227,1.0012,0.9119,0.6258,0.8607,0.7433,0.5755,0.6993,0.6374
7.5,0.2057,1.139,0.8024,0.8013,0.9914,0.8964,0.6414,0.8653,0.7534,0.573,0.7007,0.6368
7.6,0.1251,1.1427,0.7956,0.777,0.9812,0.8791,0.6569,0.8673,0.7621,0.5741,0.7016,0.6379
7.7,0.0321,1.1418,0.7864,0.7509,0.9713,0.8611,0.6721,0.8671,0.7696,0.5795,0.703,0.6413
7.8,-0.0737,1.1364,0.7763,0.7237,0.9622,0.8429,0.6875,0.8651,0.7763,0.5896,0.7061,0.6478
7.9,-0.1914,1.1273,0.7661,0.6965,0.9543,0.8254,0.7034,0.8623,0.7828,0.6044,0.7113,0.6578
8,-0.3186,1.1156,0.7567,0.6708,0.948,0.8094,0.7202,0.859,0.7896,0.6228,0.7175,0.6702
8.1,-0.4513,1.1024,0.7482,0.6485,0.9437,0.7961,0.7377,0.8558,0.7967,0.6432,0.7241,0.6837
8.2,-0.5849,1.0886,0.741,0.6305,0.9416,0.7861,0.7556,0.8531,0.8044,0.6642,0.7306,0.6974
8.3,-0.715,1.0741,0.7351,0.6166,0.9412,0.7789,0.7734,0.8511,0.8123,0.6844,0.7372,0.7108
8.4,-0.8374,1.0583,0.7307,0.6054,0.9419,0.7736,0.7903,0.8498,0.8201,0.7033,0.744,0.7236
8.5,-0.949,1.0407,0.728,0.5955,0.9429,0.7692,0.8053,0.8493,0.8273,0.7207,0.751,0.7358
8.6,-1.0479,1.0219,0.727,0.5864,0.9444,0.7654,0.8182,0.8495,0.8338,0.7367,0.7581,0.7474
8.7,-1.133,1.0028,0.7279,0.5786,0.9466,0.7626,0.8288,0.8505,0.8397,0.752,0.7657,0.7589
8.8,-1.2029,0.9854,0.7304,0.5727,0.95,0.7613,0.8375,0.8524,0.845,0.7669,0.7741,0.7705
8.9,-1.2558,0.9712,0.7345,0.5695,0.9553,0.7624,0.844,0.8553,0.8497,0.781,0.7831,0.782
9,-1.2911,0.9616,0.7403,0.5694,0.9633,0.7664,0.8484,0.8596,0.854,0.7937,0.7925,0.7931
9.1,-1.3079,0.9568,0.7479,0.5721,0.9744,0.7733,0.8516,0.8652,0.8584,0.8049,0.802,0.8035
9.2,-1.3056,0.9572,0.7576,0.5774,0.9887,0.7831,0.855,0.8722,0.8636,0.8148,0.8119,0.8133
9.3,-1.2851,0.9628,0.7686,0.5851,1.0058,0.7955,0.8596,0.8807,0.8702,0.8234,0.8224,0.8229
9.4,-1.2482,0.9735,0.7793,0.5952,1.0252,0.8102,0.8658,0.8903,0.878,0.8305,0.8329,0.8317
9.5,-1.1973,0.9891,0.7884,0.6075,1.0462,0.8268,0.873,0.9004,0.8867,0.8355,0.8428,0.8392
9.6,-1.1333,1.0089,0.7952,0.6223,1.0688,0.8456,0.8809,0.9107,0.8958,0.8385,0.8516,0.845
9.7,-1.0563,1.0326,0.7994,0.6404,1.0927,0.8666,0.8895,0.9209,0.9052,0.8399,0.8593,0.8496
9.8,-0.9663,1.0598,0.8009,0.6622,1.1176,0.8899,0.899,0.931,0.915,0.8403,0.8663,0.8533
9.9,-0.8644,1.0898,0.7991,0.6876,1.1428,0.9152,0.909,0.9403,0.9247,0.8398,0.8725,0.8562
10,-0.7539,1.1205,0.7936,0.7159,1.1669,0.9414,0.9189,0.948,0.9334,0.838,0.8769,0.8575
10.1,-0.6399,1.1486,0.7843,0.7457,1.1889,0.9673,0.928,0.953,0.9405,0.8341,0.8791,0.8566
10.2,-0.5285,1.1711,0.7717,0.7754,1.2082,0.9918,0.9358,0.9552,0.9455,0.8276,0.8787,0.8531
10.3,-0.4249,1.1861,0.7562,0.8035,1.2245,1.014,0.9418,0.9547,0.9483,0.8183,0.8755,0.8469
10.4,-0.3322,1.1926,0.7381,0.8279,1.2372,1.0326,0.945,0.9513,0.9481,0.8066,0.8694,0.838
10.5,-0.2526,1.1901,0.7177,0.8467,1.2453,1.046,0.9441,0.9445,0.9443,0.7927,0.8601,0.8264
10.6,-0.187,1.1793,0.6956,0.8592,1.248,1.0536,0.9387,0.9343,0.9365,0.7768,0.8473,0.8121
10.7,-0.1343,1.1613,0.6732,0.8662,1.2454,1.0558,0.9292,0.9214,0.9253,0.7597,0.8313,0.7955
10.8,-0.0919,1.1375,0.6515,0.8693,1.2375,1.0534,0.9161,0.9069,0.9115,0.7418,0.8129,0.7773
10.9,-0.0585,1.1089,0.6306,0.8692,1.2243,1.0468,0.8998,0.8912,0.8955,0.7236,0.7924,0.758
11,-0.0348,1.0763,0.6105,0.8652,1.2061,1.0357,0.8806,0.8743,0.8774,0.7056,0.7706,0.7381
11.1,-0.0209,1.0409,0.5913,0.8572,1.1832,1.0202,0.859,0.8563,0.8576,0.6882,0.7478,0.718
11.2,-0.015,1.0041,0.5734,0.8455,1.1568,1.0011,0.8356,0.8377,0.8367,0.6713,0.7242,0.6977
11.3,-0.0141,0.9669,0.557,0.831,1.1276,0.9793,0.8113,0.8195,0.8154,0.6546,0.6999,0.6772
11.4,-0.0153,0.9297,0.5417,0.8143,1.0959,0.9551,0.786,0.8018,0.7939,0.6376,0.6747,0.6562
11.5,-0.0168,0.8918,0.5269,0.7948,1.0616,0.9282,0.7597,0.7843,0.772,0.6204,0.6487,0.6346
11.6,-0.0186,0.852,0.5119,0.7718,1.0242,0.898,0.732,0.7659,0.7489,0.6032,0.6223,0.6127
11.7,-0.0205,0.8098,0.4965,0.7448,0.9831,0.864,0.7033,0.7457,0.7245,0.5859,0.5957,0.5908
11.8,-0.0217,0.7655,0.4804,0.7148,0.9389,0.8268,0.6741,0.7236,0.6989,0.5686,0.5692,0.5689
11.9,-0.0209,0.7202,0.4639,0.6832,0.8931,0.7881,0.6452,0.7001,0.6727,0.5514,0.543,0.5472
12,-0.0175,0.6752,0.4476,0.6514,0.8476,0.7495,0.6175,0.6761,0.6468,0.5349,0.5176,0.5262
12.1,-0.0117,0.6312,0.432,0.6199,0.8039,0.7119,0.5914,0.6524,0.6219,0.519,0.4933,0.5062
12.2,-0.0039,0.589,0.4171,0.5891,0.7626,0.6758,0.5677,0.6294,0.5985,0.5038,0.4701,0.487
12.3,0.0055,0.5484,0.4027,0.5593,0.7237,0.6415,0.5466,0.6072,0.5769,0.4886,0.4477,0.4682
12.4,0.0163,0.5093,0.3892,0.5313,0.6873,0.6093,0.5286,0.5859,0.5572,0.473,0.426,0.4495
12.5,0.0281,0.4716,0.377,0.5059,0.6532,0.5796,0.514,0.5655,0.5398,0.4569,0.4048,0.4309
12.6,0.0407,0.4356,0.3667,0.4846,0.6217,0.5531,0.5028,0.5461,0.5245,0.4407,0.3843,0.4125
12.7,0.0548,0.4018,0.3582,0.469,0.5927,0.5309,0.4949,0.528,0.5114,0.4247,0.3647,0.3947
12.8,0.0712,0.3713,0.3519,0.4611,0.5664,0.5138,0.4903,0.5115,0.5009,0.4093,0.3465,0.3779
12.9,0.0909,0.3452,0.3487,0.4624,0.5428,0.5026,0.4893,0.497,0.4932,0.395,0.33,0.3625
13,0.1153,0.3248,0.3497,0.4737,0.5224,0.4981,0.4921,0.4849,0.4885,0.3822,0.3161,0.3492
13.1,0.1452,0.3111,0.3556,0.4942,0.5057,0.5,0.4991,0.4754,0.4872,0.3715,0.3051,0.3383
13.2,0.1807,0.3049,0.3664,0.5224,0.4928,0.5076,0.5104,0.4688,0.4896,0.3629,0.297,0.3299
13.3,0.2205,0.3066,0.3818,0.5567,0.4836,0.5202,0.5259,0.4652,0.4955,0.356,0.2916,0.3238
13.4,0.263,0.3162,0.4015,0.5955,0.478,0.5368,0.5452,0.4642,0.5047,0.3506,0.2887,0.3196
13.5,0.3052,0.333,0.4248,0.6371,0.4759,0.5565,0.5679,0.4653,0.5166,0.3463,0.2881,0.3172
13.6,0.344,0.3562,0.451,0.6801,0.4773,0.5787,0.594,0.4684,0.5312,0.3435,0.2898,0.3166
13.7,0.3768,0.3854,0.479,0.7233,0.4821,0.6027,0.6232,0.4734,0.5483,0.3433,0.2939,0.3186
13.8,0.4013,0.4198,0.5077,0.7655,0.4901,0.6278,0.6553,0.4806,0.5679,0.3465,0.3008,0.3237
13.9,0.4158,0.4585,0.536,0.8062,0.5011,0.6536,0.6895,0.4902,0.5899,0.3532,0.3108,0.332
14,0.419,0.5009,0.5627,0.8441,0.5151,0.6796,0.7248,0.5024,0.6136,0.3629,0.3237,0.3433
14.1,0.4102,0.5458,0.5868,0.8776,0.5327,0.7052,0.7594,0.5169,0.6381,0.3752,0.3389,0.3571
14.2,0.3904,0.5913,0.6076,0.9045,0.5537,0.7291,0.7917,0.5329,0.6623,0.3899,0.3561,0.373
14.3,0.3622,0.635,0.6245,0.9224,0.5773,0.7499,0.8201,0.5495,0.6848,0.407,0.375,0.391
14.4,0.3302,0.6748,0.6367,0.9302,0.6021,0.7661,0.844,0.5658,0.7049,0.4269,0.3956,0.4112
14.5,0.2999,0.7098,0.6444,0.9286,0.627,0.7778,0.8628,0.5817,0.7223,0.4494,0.4174,0.4334
14.6,0.2753,0.7401,0.6479,0.919,0.6516,0.7853,0.8763,0.5973,0.7368,0.4744,0.4403,0.4574
14.7,0.2588,0.7655,0.6479,0.9028,0.6758,0.7893,0.8845,0.6125,0.7485,0.5016,0.464,0.4828
14.8,0.2518,0.7858,0.6443,0.8804,0.6991,0.7898,0.887,0.6265,0.7567,0.5303,0.4877,0.509
14.9,0.254,0.801,0.6371,0.8532,0.7214,0.7873,0.8844,0.6387,0.7615,0.5597,0.5106,0.5351
15,0.2638,0.8121,0.6273,0.8233,0.7431,0.7832,0.8778,0.6492,0.7635,0.5894,0.5326,0.561
15.1,0.2785,0.8202,0.6169,0.7932,0.7645,0.7788,0.8688,0.6586,0.7637,0.6193,0.5539,0.5866
15.2,0.2956,0.8263,0.6073,0.7648,0.7863,0.7756,0.8583,0.6678,0.763,0.6493,0.5748,0.612
15.3,0.313,0.8307,0.5994,0.739,0.8084,0.7737,0.847,0.6771,0.7621,0.6793,0.5953,0.6373
15.4,0.3288,0.8334,0.593,0.7158,0.83,0.7729,0.8354,0.6868,0.7611,0.7093,0.6151,0.6622
15.5,0.3405,0.8342,0.5878,0.6961,0.8501,0.7731,0.8237,0.6967,0.7602,0.7388,0.634,0.6864
15.6,0.3464,0.8335,0.5844,0.6809,0.8681,0.7745,0.8122,0.7068,0.7595,0.7669,0.6516,0.7092
15.7,0.3463,0.832,0.584,0.6713,0.8839,0.7776,0.8015,0.7174,0.7594,0.7933,0.6678,0.7305
15.8,0.3407,0.8306,0.5873,0.6676,0.8986,0.7831,0.7916,0.7288,0.7602,0.8175,0.6827,0.7501
15.9,0.3297,0.8295,0.5945,0.6693,0.9127,0.791,0.7832,0.7413,0.7622,0.8398,0.6962,0.768
16,0.3131,0.8286,0.605,0.6758,0.9263,0.8011,0.7766,0.7547,0.7657,0.8597,0.7081,0.7839
16.1,0.2907,0.8278,0.6183,0.6865,0.9389,0.8127,0.7724,0.7688,0.7706,0.8773,0.7179,0.7976
16.2,0.2628,0.8269,0.6343,0.7005,0.9499,0.8252,0.7706,0.7835,0.777,0.8924,0.7255,0.8089
16.3,0.2304,0.826,0.6529,0.7169,0.9593,0.8381,0.7712,0.7984,0.7848,0.9048,0.7302,0.8175
16.4,0.1948,0.8256,0.6732,0.7342,0.9677,0.851,0.7744,0.8136,0.794,0.9139,0.7314,0.8227
16.5,0.1565,0.8263,0.694,0.7514,0.9757,0.8636,0.7805,0.8288,0.8047,0.9192,0.7285,0.8238
16.6,0.1151,0.8283,0.7138,0.7681,0.9833,0.8757,0.7893,0.8436,0.8164,0.9202,0.7213,0.8207
16.7,0.0707,0.8316,0.7312,0.7841,0.9898,0.8869,0.8002,0.8569,0.8286,0.9169,0.7103,0.8136
16.8,0.0258,0.8361,0.7449,0.7994,0.9947,0.8971,0.8121,0.8678,0.84,0.9097,0.6962,0.8029
16.9,-0.0159,0.8419,0.754,0.8141,0.9981,0.9061,0.8243,0.8754,0.8498,0.8989,0.6797,0.7893
17,-0.0512,0.8496,0.7587,0.8284,1.0004,0.9144,0.8359,0.8801,0.858,0.8852,0.6617,0.7734
17.1,-0.0785,0.8601,0.7596,0.8423,1.002,0.9222,0.8467,0.882,0.8643,0.8696,0.6434,0.7565
17.2,-0.0978,0.8736,0.7574,0.8556,1.003,0.9293,0.8561,0.8816,0.8688,0.8533,0.6257,0.7395
17.3,-0.1092,0.8894,0.7528,0.8674,1.0029,0.9351,0.8639,0.8787,0.8713,0.8368,0.6092,0.723
17.4,-0.1119,0.9065,0.7462,0.877,1.0009,0.939,0.87,0.8736,0.8718,0.8206,0.5942,0.7074
17.5,-0.1052,0.9245,0.7381,0.8852,0.9973,0.9412,0.8747,0.8667,0.8707,0.805,0.5806,0.6928
17.6,-0.0898,0.9437,0.7293,0.8933,0.9928,0.9431,0.8784,0.8587,0.8685,0.7898,0.5683,0.679
17.7,-0.0673,0.9644,0.7203,0.9022,0.9885,0.9454,0.8813,0.8501,0.8657,0.7743,0.5569,0.6656
17.8,-0.0399,0.9862,0.7109,0.9115,0.9848,0.9481,0.8831,0.841,0.862,0.758,0.5462,0.6521
17.9,-0.0089,1.0074,0.7004,0.9197,0.9813,0.9505,0.8826,0.8308,0.8567,0.7401,0.5354,0.6377
18,0.025,1.0259,0.6887,0.9254,0.9772,0.9513,0.8794,0.8191,0.8492,0.7199,0.5239,0.6219
18.1,0.0615,1.04,0.676,0.9274,0.9715,0.9495,0.8734,0.8059,0.8396,0.6977,0.5119,0.6048
18.2,0.1003,1.0488,0.6629,0.9259,0.9638,0.9449,0.8651,0.7915,0.8283,0.674,0.4996,0.5868
18.3,0.14,1.0517,0.6497,0.921,0.9536,0.9373,0.8548,0.7764,0.8156,0.6498,0.4875,0.5686
18.4,0.1788,1.0484,0.6366,0.9126,0.9406,0.9266,0.8424,0.7603,0.8014,0.6256,0.476,0.5508
18.5,0.2147,1.0384,0.624,0.9005,0.9246,0.9126,0.8279,0.7437,0.7858,0.6021,0.4657,0.5339
18.6,0.2464,1.0212,0.6119,0.8845,0.9053,0.8949,0.8115,0.7268,0.7691,0.5797,0.457,0.5184
18.7,0.2736,0.9968,0.601,0.8644,0.8824,0.8734,0.7938,0.7104,0.7521,0.5589,0.4505,0.5047
18.8,0.2968,0.9656,0.5918,0.8408,0.8563,0.8485,0.7755,0.6949,0.7352,0.54,0.4462,0.4931
18.9,0.3162,0.9288,0.5849,0.8149,0.8279,0.8214,0.7568,0.6804,0.7186,0.523,0.4439,0.4835
19,0.3323,0.8879,0.5804,0.7879,0.7984,0.7932,0.738,0.667,0.7025,0.5081,0.4431,0.4756
19.1,0.3446,0.8436,0.5781,0.7604,0.7685,0.7645,0.7192,0.6543,0.6868,0.4956,0.4438,0.4697
19.2,0.3523,0.7968,0.578,0.7326,0.7384,0.7355,0.7009,0.6423,0.6716,0.4861,0.4462,0.4662
19.3,0.3547,0.7485,0.5805,0.7048,0.7082,0.7065,0.6836,0.631,0.6573,0.48,0.4507,0.4654
19.4,0.3527,0.6999,0.5855,0.6779,0.6778,0.6779,0.6671,0.6205,0.6438,0.4774,0.4572,0.4673
19.5,0.3482,0.6529,0.5931,0.653,0.6475,0.6502,0.651,0.6104,0.6307,0.478,0.4657,0.4719
19.6,0.3432,0.6087,0.6028,0.6309,0.6173,0.6241,0.6352,0.6009,0.6181,0.4815,0.4761,0.4788
19.7,0.3381,0.5686,0.6139,0.6117,0.5878,0.5998,0.6196,0.5922,0.6059,0.4873,0.4881,0.4877
19.8,0.3321,0.5332,0.6251,0.5954,0.5595,0.5775,0.6041,0.5843,0.5942,0.4946,0.5009,0.4978
19.9,0.3242,0.5035,0.6353,0.5821,0.533,0.5575,0.5888,0.5773,0.583,0.5023,0.5139,0.5081
20,0.3143,0.4801,0.6441,0.5719,0.509,0.5404,0.5736,0.571,0.5723,0.5095,0.5265,0.518
20.1,0.3029,0.4633,0.6515,0.565,0.488,0.5265,0.5589,0.5657,0.5623,0.5154,0.5385,0.527
20.2,0.2902,0.453,0.6578,0.5616,0.4704,0.516,0.5451,0.5619,0.5535,0.5199,0.5497,0.5348
20.3,0.2753,0.4493,0.6634,0.5613,0.4568,0.5091,0.5328,0.5601,0.5465,0.5226,0.5601,0.5413
20.4,0.2563,0.4523,0.6684,0.5636,0.4476,0.5056,0.5224,0.5606,0.5415,0.5236,0.5695,0.5466
20.5,0.232,0.4615,0.6724,0.5676,0.443,0.5053,0.5141,0.5633,0.5387,0.523,0.5779,0.5505
20.6,0.2035,0.4766,0.6745,0.5726,0.443,0.5078,0.5081,0.5682,0.5382,0.521,0.5852,0.5531
20.7,0.1735,0.4962,0.6742,0.5777,0.4468,0.5123,0.5052,0.5751,0.5402,0.5176,0.591,0.5543
20.8,0.1441,0.5191,0.6717,0.5827,0.4541,0.5184,0.5059,0.5841,0.545,0.5128,0.5953,0.5541
20.9,0.1157,0.5444,0.6681,0.5875,0.4647,0.5261,0.5108,0.5951,0.553,0.5065,0.5982,0.5524
21,0.0876,0.5714,0.6652,0.5921,0.4785,0.5353,0.5199,0.6085,0.5642,0.4994,0.6004,0.5499
21.1,0.0602,0.5988,0.6643,0.596,0.4949,0.5454,0.533,0.6243,0.5786,0.4925,0.603,0.5477
21.2,0.0344,0.625,0.6656,0.5985,0.5127,0.5556,0.5489,0.6419,0.5954,0.487,0.6065,0.5467
21.3,0.0117,0.6491,0.6689,0.5995,0.5311,0.5653,0.5666,0.6606,0.6136,0.4835,0.6108,0.5472
21.4,-0.0078,0.6706,0.6743,0.5992,0.5495,0.5744,0.5851,0.6801,0.6326,0.4822,0.6156,0.5489
21.5,-0.025,0.6895,0.682,0.598,0.5677,0.5828,0.6043,0.7004,0.6524,0.4834,0.621,0.5522
21.6,-0.0412,0.7058,0.692,0.5959,0.5849,0.5904,0.6236,0.7214,0.6725,0.4873,0.6269,0.5571
21.7,-0.0571,0.7188,0.7035,0.5923,0.6004,0.5964,0.6419,0.7424,0.6921,0.4937,0.6322,0.5629
21.8,-0.0724,0.7273,0.7154,0.5861,0.6129,0.5995,0.6582,0.7619,0.7101,0.5014,0.6357,0.5685
21.9,-0.0866,0.7301,0.7267,0.5763,0.6213,0.5988,0.6719,0.7792,0.7256,0.509,0.6365,0.5727
22,-0.1,0.7269,0.7372,0.5619,0.625,0.5934,0.6828,0.7937,0.7382,0.5158,0.6344,0.5751
22.1,-0.1133,0.7176,0.7467,0.5427,0.6241,0.5834,0.6903,0.8049,0.7476,0.5216,0.6302,0.5759
22.2,-0.1264,0.7029,0.7546,0.519,0.6191,0.569,0.6936,0.8124,0.753,0.5263,0.6241,0.5752
22.3,-0.1388,0.6838,0.7604,0.4917,0.6103,0.551,0.692,0.8155,0.7538,0.5298,0.6162,0.573
22.4,-0.1504,0.6614,0.7636,0.4618,0.5979,0.5298,0.6855,0.8143,0.7499,0.5322,0.6067,0.5695
22.5,-0.1621,0.6373,0.7646,0.4308,0.5827,0.5067,0.675,0.8087,0.7419,0.5335,0.5961,0.5648
22.6,-0.1743,0.6137,0.7636,0.4004,0.5658,0.4831,0.6613,0.7992,0.7303,0.5336,0.5846,0.5591
22.7,-0.1863,0.5925,0.7606,0.3727,0.5483,0.4605,0.6449,0.7862,0.7155,0.5324,0.5726,0.5525
22.8,-0.1962,0.5749,0.7552,0.3493,0.531,0.4402,0.6267,0.7698,0.6982,0.5301,0.5603,0.5452
22.9,-0.203,0.5607,0.7471,0.3311,0.5145,0.4228,0.6077,0.7506,0.6791,0.5267,0.5478,0.5373
23,-0.2082,0.5495,0.7365,0.3178,0.4996,0.4087,0.5895,0.7297,0.6596,0.5225,0.5353,0.5289
23.1,-0.2146,0.5405,0.7236,0.3086,0.4867,0.3976,0.5733,0.7081,0.6407,0.518,0.5231,0.5206
23.2,-0.2244,0.5331,0.7086,0.3026,0.4759,0.3893,0.5597,0.6861,0.6229,0.5136,0.5114,0.5125
23.3,-0.2379,0.5267,0.6918,0.2991,0.4668,0.383,0.5491,0.6641,0.6066,0.5097,0.5006,0.5051
23.4,-0.2537,0.52,0.6736,0.2976,0.4582,0.3779,0.5414,0.6425,0.592,0.5063,0.4912,0.4988
23.5,-0.2698,0.5121,0.6546,0.2974,0.4489,0.3732,0.5365,0.6221,0.5793,0.5039,0.484,0.494
23.6,-0.285,0.5025,0.636,0.2975,0.4385,0.368,0.5343,0.6037,0.569,0.5029,0.4796,0.4913
23.7,-0.2991,0.4912,0.6188,0.297,0.4269,0.362,0.5346,0.5883,0.5614,0.5038,0.4784,0.4911
23.8,-0.3115,0.4784,0.6036,0.2953,0.4144,0.3549,0.5372,0.5765,0.5569,0.5064,0.4803,0.4934
23.9,-0.3209,0.4641,0.5903,0.2924,0.4012,0.3468,0.5423,0.5685,0.5554,0.5107,0.485,0.4978
24,-0.326,0.449,0.5792,0.2892,0.3877,0.3385,0.5503,0.5645,0.5574,0.5163,0.4922,0.5043
24.1,-0.3269,0.4345,0.5715,0.2869,0.375,0.3309,0.5616,0.5651,0.5633,0.5234,0.502,0.5127
24.2,-0.3246,0.4216,0.5681,0.2865,0.3638,0.3252,0.576,0.5707,0.5733,0.5319,0.5138,0.5229
24.3,-0.3194,0.4101,0.5689,0.2881,0.3548,0.3214,0.5929,0.5816,0.5872,0.5412,0.5266,0.5339
24.4,-0.3097,0.3992,0.5728,0.2909,0.3476,0.3193,0.6113,0.597,0.6042,0.5502,0.5383,0.5442
24.5,-0.2923,0.3882,0.5779,0.2948,0.3424,0.3186,0.63,0.6157,0.6229,0.5578,0.5474,0.5526
24.6,-0.265,0.3775,0.5835,0.3009,0.34,0.3204,0.6485,0.6363,0.6424,0.5636,0.5535,0.5585
24.7,-0.2271,0.369,0.5896,0.3106,0.342,0.3263,0.6669,0.6582,0.6626,0.568,0.5569,0.5625
24.8,-0.1801,0.3644,0.5969,0.3249,0.3497,0.3373,0.6854,0.6811,0.6832,0.5718,0.5585,0.5651
24.9,-0.1264,0.3644,0.6056,0.3442,0.3636,0.3539,0.7043,0.7038,0.7041,0.5754,0.5589,0.5672
25,-0.0674,0.3693,0.6152,0.3686,0.3839,0.3762,0.7234,0.7254,0.7244,0.5792,0.5584,0.5688
25.1,-0.0042,0.3794,0.625,0.3979,0.4108,0.4044,0.7426,0.7453,0.7439,0.5832,0.5566,0.5699
25.2,0.0612,0.3952,0.6348,0.4316,0.4443,0.4379,0.762,0.7633,0.7627,0.5877,0.5541,0.5709
25.3,0.125,0.4164,0.6453,0.4685,0.4832,0.4758,0.7816,0.7802,0.7809,0.5929,0.5513,0.5721
25.4,0.1827,0.4423,0.6565,0.5075,0.5255,0.5165,0.8014,0.7958,0.7986,0.5988,0.5488,0.5738
25.5,0.2325,0.4719,0.6672,0.5476,0.5687,0.5581,0.8208,0.8098,0.8153,0.6048,0.5466,0.5757
25.6,0.2761,0.5039,0.6759,0.5882,0.6105,0.5993,0.8395,0.8212,0.8304,0.6102,0.5438,0.577
25.7,0.3151,0.5368,0.6818,0.6284,0.6493,0.6388,0.8576,0.8301,0.8439,0.6141,0.5396,0.5769
25.8,0.3502,0.5685,0.685,0.6666,0.6839,0.6753,0.8749,0.8366,0.8558,0.6158,0.5336,0.5747
25.9,0.3824,0.597,0.6848,0.7011,0.7131,0.7071,0.8903,0.8404,0.8654,0.6144,0.5251,0.5697
26,0.4133,0.6204,0.6803,0.731,0.7352,0.7331,0.9028,0.8406,0.8717,0.6093,0.5138,0.5615
26.1,0.4448,0.6377,0.6714,0.7562,0.749,0.7526,0.9114,0.8367,0.8741,0.6005,0.4999,0.5502
26.2,0.4783,0.6482,0.6586,0.7764,0.7535,0.7649,0.916,0.8287,0.8723,0.5886,0.4839,0.5362
26.3,0.5131,0.652,0.6428,0.7914,0.7486,0.77,0.9165,0.8169,0.8667,0.5739,0.4661,0.52
26.4,0.5476,0.6496,0.625,0.8011,0.7344,0.7677,0.9132,0.8018,0.8575,0.5568,0.4469,0.5019
26.5,0.5803,0.6418,0.6057,0.8057,0.7118,0.7588,0.9062,0.7834,0.8448,0.5377,0.4266,0.4822
26.6,0.6106,0.6298,0.5853,0.8063,0.6821,0.7442,0.8958,0.7619,0.8289,0.5168,0.4056,0.4612
26.7,0.6383,0.6152,0.5649,0.8035,0.6474,0.7254,0.8827,0.7383,0.8105,0.4944,0.3847,0.4395
26.8,0.6631,0.5997,0.546,0.7982,0.6099,0.704,0.8679,0.714,0.7909,0.4712,0.3653,0.4183
26.9,0.6835,0.5848,0.5304,0.7906,0.5724,0.6815,0.8523,0.6905,0.7714,0.448,0.3483,0.3982
27,0.6977,0.5718,0.5195,0.7815,0.5376,0.6596,0.8365,0.6688,0.7526,0.4261,0.3345,0.3803
27.1,0.7045,0.5609,0.5139,0.7715,0.5072,0.6394,0.8211,0.6496,0.7353,0.4064,0.3245,0.3655
27.2,0.7045,0.5517,0.5136,0.7613,0.4821,0.6217,0.8063,0.6332,0.7197,0.3897,0.3185,0.3541
27.3,0.6992,0.5439,0.5183,0.7513,0.4626,0.6069,0.7927,0.6206,0.7067,0.3766,0.3167,0.3466
27.4,0.6898,0.5375,0.528,0.742,0.4486,0.5953,0.7811,0.6127,0.6969,0.368,0.3188,0.3434
27.5,0.6761,0.5325,0.5422,0.7335,0.4401,0.5868,0.7718,0.6097,0.6907,0.364,0.3245,0.3442
27.6,0.6572,0.5285,0.5595,0.7258,0.4361,0.581,0.765,0.6106,0.6878,0.3642,0.3325,0.3483
27.7,0.6326,0.5249,0.5782,0.7187,0.4359,0.5773,0.7602,0.6141,0.6871,0.3674,0.3418,0.3546
27.8,0.6028,0.5218,0.5968,0.7121,0.4386,0.5754,0.757,0.6189,0.6879,0.3732,0.3516,0.3624
27.9,0.5689,0.5203,0.6147,0.7065,0.4444,0.5755,0.7554,0.6245,0.6899,0.3818,0.3621,0.3719
28,0.5307,0.5216,0.6311,0.7026,0.453,0.5778,0.7555,0.6309,0.6932,0.3937,0.3734,0.3835
28.1,0.4876,0.5258,0.6452,0.7002,0.4636,0.5819,0.7571,0.6374,0.6973,0.4087,0.3849,0.3968
28.2,0.4399,0.5319,0.6559,0.698,0.4744,0.5862,0.7591,0.643,0.7011,0.4259,0.3955,0.4107
28.3,0.3901,0.5385,0.662,0.695,0.4838,0.5894,0.7603,0.6464,0.7034,0.4434,0.4037,0.4235
28.4,0.3413,0.5447,0.6629,0.69,0.4905,0.5903,0.7598,0.6473,0.7035,0.4597,0.4086,0.4342
28.5,0.2956,0.5499,0.6584,0.6826,0.4943,0.5884,0.7571,0.6457,0.7014,0.4742,0.41,0.4421
28.6,0.253,0.5542,0.6491,0.6726,0.4951,0.5838,0.752,0.642,0.697,0.4862,0.408,0.4471
28.7,0.2126,0.5577,0.6356,0.6597,0.4934,0.5765,0.7443,0.6362,0.6903,0.495,0.4028,0.4489
28.8,0.1734,0.5612,0.6186,0.6444,0.4905,0.5674,0.7343,0.6287,0.6815,0.5003,0.3949,0.4476
28.9,0.1354,0.5661,0.5991,0.6274,0.4887,0.5581,0.7223,0.6203,0.6713,0.5018,0.3843,0.4431
29,0.0991,0.5736,0.5778,0.6098,0.4897,0.5497,0.7091,0.6119,0.6605,0.5001,0.3715,0.4358
29.1,0.0639,0.5837,0.5556,0.5915,0.4943,0.5429,0.6951,0.6047,0.6499,0.4954,0.357,0.4262
29.2,0.0289,0.5958,0.5326,0.5722,0.5019,0.537,0.6806,0.5991,0.6398,0.4879,0.3415,0.4147
29.3,-0.0061,0.6097,0.5095,0.5519,0.512,0.5319,0.6661,0.595,0.6305,0.4788,0.326,0.4024
29.4,-0.0406,0.6263,0.4872,0.5318,0.5249,0.5284,0.6528,0.5931,0.6229,0.4702,0.3123,0.3913
29.5,-0.0737,0.6473,0.4676,0.5138,0.5423,0.528,0.6429,0.5947,0.6188,0.4646,0.3022,0.3834
29.6,-0.1048,0.6738,0.4528,0.4996,0.5655,0.5326,0.6383,0.6014,0.6199,0.4638,0.2971,0.3804
29.7,-0.1337,0.7053,0.4441,0.4906,0.5951,0.5429,0.6401,0.6136,0.6268,0.4682,0.2975,0.3828
29.8,-0.16,0.7408,0.4421,0.4875,0.6306,0.559,0.6478,0.6306,0.6392,0.4774,0.3037,0.3906
29.9,-0.1832,0.7796,0.4461,0.491,0.6708,0.5809,0.6605,0.6512,0.6559,0.491,0.3154,0.4032
