Time,Youi - You Shaped Insurance 2023 30 TVC,Youi - You Shaped Insurance 2023 30 TVC,Youi - You Shaped Insurance 2023 30 TVC,Youi - You Shaped Insurance 2023 30 TVC,Youi - You Shaped Insurance 2023 30 TVC,Youi - You Shaped Insurance 2023 30 TVC,Youi - You Shaped Insurance 2023 30 TVC,Youi - You Shaped Insurance 2023 30 TVC,Youi - You Shaped Insurance 2023 30 TVC,Youi - You Shaped Insurance 2023 30 TVC,Youi - You Shaped Insurance 2023 30 TVC,Youi - You Shaped Insurance 2023 30 TVC
,Approach / Withdraw,Engagement,Emotional Intensity,Memory Encoding - Detail,Memory Encoding - Global,Memory Encoding - Composite,General Attention - Detail,General Attention - Global,General Attention - Composite,Visual Attention - Detail,Visual Attention - Global,Visual Attention - Composite
0,0.0327,0.6266,0.8183,0.8386,0.6634,0.751,0.8508,0.7158,0.7833,0.8278,0.9469,0.8874
0.1,0.029,0.6216,0.7892,0.8154,0.6819,0.7487,0.8357,0.7094,0.7726,0.8283,0.9333,0.8808
0.2,0.0356,0.6131,0.7564,0.7896,0.6942,0.7419,0.8162,0.7008,0.7585,0.824,0.9165,0.8702
0.3,0.0513,0.6013,0.7231,0.7615,0.6998,0.7307,0.7932,0.6911,0.7421,0.8149,0.8973,0.8561
0.4,0.073,0.5874,0.6922,0.7327,0.7002,0.7164,0.7679,0.6816,0.7248,0.8017,0.8768,0.8392
0.5,0.098,0.5727,0.6648,0.7049,0.6972,0.701,0.7412,0.6729,0.7071,0.7852,0.8559,0.8206
0.6,0.1252,0.5583,0.6401,0.6798,0.6924,0.6861,0.7127,0.6648,0.6887,0.7662,0.835,0.8006
0.7,0.1543,0.5446,0.6171,0.6577,0.6869,0.6723,0.6823,0.6561,0.6692,0.7452,0.8138,0.7795
0.8,0.1842,0.5316,0.5947,0.6379,0.681,0.6594,0.6505,0.6461,0.6483,0.7221,0.7922,0.7572
0.9,0.2135,0.5189,0.5726,0.6197,0.675,0.6473,0.6183,0.6344,0.6264,0.6977,0.7702,0.7339
1,0.2411,0.5072,0.551,0.6028,0.6691,0.636,0.5867,0.6211,0.6039,0.6726,0.7481,0.7103
1.1,0.2675,0.4972,0.5298,0.5879,0.6641,0.626,0.5564,0.6064,0.5814,0.6479,0.7263,0.6871
1.2,0.2931,0.4898,0.509,0.5756,0.6601,0.6179,0.5278,0.5909,0.5593,0.6242,0.7054,0.6648
1.3,0.3179,0.4852,0.4889,0.5664,0.6578,0.6121,0.5012,0.575,0.5381,0.6013,0.6855,0.6434
1.4,0.341,0.4832,0.47,0.5609,0.6572,0.6091,0.4767,0.5595,0.5181,0.5789,0.6667,0.6228
1.5,0.3615,0.4836,0.4524,0.5592,0.6583,0.6088,0.4545,0.5448,0.4997,0.5569,0.6489,0.6029
1.6,0.3793,0.4864,0.4361,0.5614,0.6604,0.6109,0.435,0.5314,0.4832,0.5356,0.6326,0.5841
1.7,0.3945,0.492,0.4211,0.5671,0.6633,0.6152,0.4187,0.5198,0.4692,0.5157,0.6184,0.5671
1.8,0.4068,0.5002,0.4078,0.5756,0.6665,0.6211,0.4067,0.5107,0.4587,0.4979,0.607,0.5525
1.9,0.4153,0.5106,0.3974,0.5865,0.6704,0.6284,0.3999,0.505,0.4524,0.4822,0.5986,0.5404
2,0.4194,0.523,0.3912,0.5996,0.676,0.6378,0.3985,0.5031,0.4508,0.4686,0.5933,0.531
2.1,0.4202,0.5379,0.3901,0.6159,0.6841,0.65,0.4019,0.5054,0.4537,0.4578,0.5916,0.5247
2.2,0.4188,0.5556,0.3951,0.6356,0.6953,0.6654,0.4095,0.5119,0.4607,0.4505,0.5939,0.5222
2.3,0.4157,0.5752,0.4069,0.6583,0.7097,0.684,0.4205,0.5221,0.4713,0.4476,0.6003,0.524
2.4,0.4105,0.5953,0.4261,0.683,0.7264,0.7047,0.4343,0.535,0.4847,0.4491,0.6105,0.5298
2.5,0.403,0.6147,0.4525,0.7088,0.7447,0.7268,0.4504,0.5498,0.5001,0.4552,0.6237,0.5395
2.6,0.3941,0.6329,0.4854,0.7352,0.7638,0.7495,0.4688,0.5658,0.5173,0.4665,0.6396,0.553
2.7,0.3862,0.6492,0.5239,0.7615,0.7821,0.7718,0.4895,0.5825,0.536,0.4838,0.6584,0.5711
2.8,0.3817,0.6627,0.5657,0.7869,0.7979,0.7924,0.5125,0.5992,0.5559,0.5078,0.6805,0.5941
2.9,0.382,0.6727,0.6081,0.8103,0.809,0.8096,0.5372,0.6148,0.576,0.5378,0.7058,0.6218
3,0.3864,0.6793,0.6483,0.8306,0.8141,0.8223,0.5628,0.6286,0.5957,0.5727,0.7334,0.6531
3.1,0.3921,0.6826,0.6845,0.8469,0.8127,0.8298,0.5889,0.6406,0.6147,0.6113,0.7621,0.6867
3.2,0.3953,0.6825,0.7157,0.8583,0.8048,0.8315,0.6154,0.6509,0.6331,0.6525,0.791,0.7218
3.3,0.3929,0.6784,0.7417,0.864,0.7898,0.8269,0.6422,0.6598,0.651,0.6956,0.8191,0.7574
3.4,0.3837,0.6696,0.762,0.8632,0.7678,0.8155,0.6686,0.6676,0.6681,0.7397,0.846,0.7929
3.5,0.3677,0.6567,0.7768,0.8556,0.7398,0.7977,0.6934,0.6744,0.6839,0.784,0.8708,0.8274
3.6,0.3456,0.641,0.7864,0.8421,0.7074,0.7747,0.7158,0.6802,0.698,0.8281,0.8929,0.8605
3.7,0.319,0.6241,0.7912,0.8238,0.6725,0.7482,0.7349,0.685,0.71,0.8719,0.9118,0.8919
3.8,0.2911,0.6069,0.7908,0.8017,0.6363,0.719,0.7504,0.6885,0.7194,0.915,0.9277,0.9213
3.9,0.2652,0.5897,0.7847,0.7766,0.5989,0.6877,0.7614,0.6898,0.7256,0.9566,0.9404,0.9485
4,0.2438,0.5721,0.7726,0.7485,0.5604,0.6544,0.7672,0.6878,0.7275,0.9958,0.9497,0.9728
4.1,0.2272,0.5539,0.7548,0.7171,0.5213,0.6192,0.7679,0.6816,0.7247,1.0321,0.9556,0.9939
4.2,0.2141,0.5349,0.7325,0.6824,0.4828,0.5826,0.7644,0.6713,0.7178,1.0661,0.9584,1.0123
4.3,0.2034,0.5151,0.707,0.6444,0.4466,0.5455,0.7579,0.6576,0.7077,1.0984,0.9587,1.0286
4.4,0.1948,0.4947,0.6802,0.6043,0.4145,0.5094,0.7492,0.6419,0.6955,1.1295,0.9573,1.0434
4.5,0.1878,0.4739,0.6536,0.5639,0.388,0.476,0.7389,0.6256,0.6822,1.1585,0.9547,1.0566
4.6,0.1811,0.4536,0.6286,0.5255,0.3678,0.4466,0.7276,0.6103,0.669,1.1845,0.9513,1.0679
4.7,0.1725,0.4344,0.6057,0.4907,0.354,0.4223,0.7163,0.5965,0.6564,1.2063,0.947,1.0767
4.8,0.1611,0.4172,0.585,0.4602,0.3458,0.403,0.7053,0.5842,0.6447,1.2227,0.9415,1.0821
4.9,0.147,0.4024,0.5665,0.434,0.3422,0.3881,0.6947,0.5729,0.6338,1.2323,0.9344,1.0833
5,0.1311,0.3904,0.5502,0.4122,0.3432,0.3777,0.6846,0.5623,0.6234,1.2336,0.9251,1.0794
5.1,0.1136,0.3816,0.5366,0.3954,0.3492,0.3723,0.6745,0.5529,0.6137,1.2255,0.9135,1.0695
5.2,0.0946,0.3765,0.5266,0.3843,0.361,0.3727,0.6641,0.5451,0.6046,1.2072,0.8993,1.0533
5.3,0.0742,0.3755,0.5205,0.3798,0.3784,0.3791,0.6528,0.5389,0.5958,1.1787,0.8831,1.0309
5.4,0.053,0.3788,0.5184,0.3821,0.4008,0.3915,0.6406,0.534,0.5873,1.1407,0.8658,1.0033
5.5,0.0315,0.386,0.5202,0.3908,0.4272,0.409,0.6285,0.5303,0.5794,1.0955,0.8486,0.9721
5.6,0.0101,0.3968,0.5259,0.405,0.4568,0.4309,0.6178,0.528,0.5729,1.0462,0.8327,0.9394
5.7,-0.0116,0.4109,0.5347,0.4241,0.489,0.4565,0.6097,0.5269,0.5683,0.996,0.8188,0.9074
5.8,-0.0335,0.4278,0.5457,0.4474,0.5226,0.485,0.6044,0.5266,0.5655,0.948,0.8078,0.8779
5.9,-0.0546,0.4465,0.5577,0.4741,0.5561,0.5151,0.6016,0.5265,0.5641,0.9039,0.7996,0.8518
6,-0.0738,0.4656,0.5698,0.5027,0.5876,0.5452,0.6003,0.5256,0.563,0.864,0.7945,0.8293
6.1,-0.0904,0.4835,0.5812,0.5312,0.616,0.5736,0.5993,0.5231,0.5612,0.8284,0.7921,0.8102
6.2,-0.105,0.4995,0.5913,0.5577,0.6408,0.5992,0.5977,0.518,0.5578,0.7969,0.7921,0.7945
6.3,-0.1182,0.5132,0.5993,0.5807,0.6621,0.6214,0.5948,0.5101,0.5525,0.7697,0.794,0.7818
6.4,-0.13,0.5242,0.6046,0.5995,0.6802,0.6399,0.5907,0.4993,0.545,0.7471,0.7971,0.7721
6.5,-0.1385,0.5323,0.6067,0.614,0.6949,0.6545,0.5855,0.4863,0.5359,0.7285,0.8009,0.7647
6.6,-0.1415,0.5369,0.6055,0.6237,0.7058,0.6647,0.5791,0.4715,0.5253,0.7132,0.8052,0.7592
6.7,-0.1371,0.537,0.6011,0.6276,0.7123,0.67,0.5707,0.4549,0.5128,0.6998,0.8095,0.7547
6.8,-0.1246,0.5324,0.5938,0.6252,0.714,0.6696,0.5597,0.4363,0.498,0.6875,0.8136,0.7506
6.9,-0.1039,0.5231,0.5838,0.6161,0.7105,0.6633,0.5456,0.4157,0.4806,0.6759,0.8176,0.7467
7,-0.0748,0.51,0.571,0.6008,0.7021,0.6515,0.5287,0.3933,0.461,0.6647,0.8217,0.7432
7.1,-0.0376,0.4937,0.5558,0.5802,0.6891,0.6346,0.51,0.3695,0.4397,0.6541,0.8261,0.7401
7.2,0.006,0.4749,0.5385,0.5544,0.6719,0.6131,0.4898,0.3446,0.4172,0.6443,0.831,0.7376
7.3,0.0529,0.4537,0.5195,0.5233,0.6505,0.5869,0.4683,0.3189,0.3936,0.6353,0.836,0.7357
7.4,0.099,0.4298,0.4994,0.4863,0.6247,0.5555,0.4455,0.2924,0.369,0.6275,0.8404,0.734
7.5,0.1417,0.4034,0.4783,0.4434,0.5945,0.5189,0.4225,0.2661,0.3443,0.6213,0.8434,0.7323
7.6,0.1799,0.3752,0.4569,0.3958,0.5606,0.4782,0.4012,0.2415,0.3213,0.6168,0.8444,0.7306
7.7,0.214,0.3465,0.436,0.3457,0.5245,0.4351,0.3842,0.2207,0.3024,0.6139,0.8432,0.7285
7.8,0.244,0.3189,0.4168,0.2954,0.4879,0.3917,0.3734,0.2054,0.2894,0.6121,0.8397,0.7259
7.9,0.2695,0.2939,0.4003,0.2467,0.4525,0.3496,0.3696,0.1966,0.2831,0.611,0.8334,0.7222
8,0.289,0.2729,0.3873,0.2011,0.4197,0.3104,0.3731,0.1946,0.2838,0.6107,0.8241,0.7174
8.1,0.3015,0.2572,0.3783,0.1603,0.3913,0.2758,0.3851,0.1995,0.2923,0.6118,0.8118,0.7118
8.2,0.3072,0.248,0.3743,0.1261,0.3687,0.2474,0.4064,0.2118,0.3091,0.6148,0.7975,0.7061
8.3,0.3064,0.2465,0.3764,0.1006,0.3527,0.2267,0.437,0.2321,0.3346,0.6198,0.7822,0.701
8.4,0.2995,0.2537,0.3854,0.0857,0.3439,0.2148,0.4754,0.2613,0.3683,0.6263,0.7668,0.6966
8.5,0.2873,0.2699,0.4012,0.083,0.342,0.2125,0.5186,0.2989,0.4088,0.6333,0.7514,0.6924
8.6,0.2713,0.2949,0.4226,0.0927,0.3459,0.2193,0.5631,0.3426,0.4529,0.6397,0.736,0.6879
8.7,0.2537,0.3282,0.4475,0.1148,0.3548,0.2348,0.6063,0.389,0.4976,0.6448,0.7206,0.6827
8.8,0.2368,0.3689,0.4739,0.1489,0.368,0.2584,0.6464,0.4349,0.5407,0.6483,0.7059,0.6771
8.9,0.2224,0.416,0.5007,0.1944,0.3848,0.2896,0.6825,0.4784,0.5804,0.6503,0.6922,0.6712
9,0.2117,0.4673,0.5268,0.25,0.4041,0.327,0.7129,0.5179,0.6154,0.6503,0.6796,0.6649
9.1,0.2051,0.5204,0.5511,0.3133,0.4242,0.3687,0.7361,0.5519,0.644,0.6478,0.6675,0.6577
9.2,0.2026,0.5728,0.5726,0.3804,0.4437,0.412,0.7511,0.5789,0.665,0.6423,0.6555,0.6489
9.3,0.2039,0.6227,0.5905,0.447,0.4621,0.4546,0.7583,0.599,0.6787,0.6337,0.6436,0.6387
9.4,0.2088,0.6689,0.6047,0.5095,0.48,0.4947,0.7588,0.6132,0.686,0.6231,0.6325,0.6278
9.5,0.217,0.7109,0.6154,0.5661,0.4982,0.5321,0.7543,0.6231,0.6887,0.6117,0.6229,0.6173
9.6,0.2285,0.749,0.6227,0.617,0.5178,0.5674,0.7464,0.6303,0.6883,0.6003,0.6149,0.6076
9.7,0.2435,0.7838,0.6266,0.6634,0.5396,0.6015,0.736,0.636,0.686,0.5892,0.6082,0.5987
9.8,0.262,0.8156,0.6274,0.7069,0.5643,0.6356,0.7238,0.6413,0.6826,0.5779,0.6023,0.5901
9.9,0.2831,0.8446,0.6255,0.7481,0.5919,0.67,0.7107,0.6468,0.6788,0.5664,0.5968,0.5816
10,0.3056,0.8704,0.622,0.7866,0.622,0.7043,0.6977,0.6529,0.6753,0.5552,0.5921,0.5737
10.1,0.3282,0.8928,0.6179,0.8218,0.6539,0.7379,0.6855,0.6596,0.6726,0.5448,0.5885,0.5666
10.2,0.3503,0.9122,0.6136,0.8535,0.6873,0.7704,0.6746,0.6669,0.6707,0.5354,0.5859,0.5607
10.3,0.372,0.9288,0.6091,0.8821,0.722,0.802,0.6647,0.6747,0.6697,0.5273,0.5843,0.5558
10.4,0.3939,0.943,0.6047,0.9081,0.7576,0.8328,0.6556,0.6829,0.6693,0.5205,0.5836,0.552
10.5,0.4165,0.9545,0.6005,0.9313,0.7934,0.8624,0.647,0.6916,0.6693,0.5153,0.584,0.5497
10.6,0.4389,0.9627,0.5969,0.9513,0.8281,0.8897,0.639,0.7004,0.6697,0.5123,0.5859,0.5491
10.7,0.4598,0.9673,0.594,0.9672,0.8603,0.9137,0.6317,0.709,0.6703,0.5114,0.5895,0.5505
10.8,0.4781,0.9682,0.5923,0.9788,0.8891,0.9339,0.6252,0.7171,0.6712,0.512,0.5947,0.5534
10.9,0.4936,0.9654,0.5925,0.9863,0.9139,0.9501,0.6194,0.7243,0.6718,0.5136,0.6016,0.5576
11,0.5069,0.9588,0.5956,0.9898,0.9339,0.9619,0.6136,0.7293,0.6715,0.516,0.6105,0.5632
11.1,0.5178,0.9479,0.6029,0.9886,0.948,0.9683,0.6071,0.7311,0.6691,0.5194,0.6223,0.5708
11.2,0.5244,0.9326,0.6151,0.9821,0.9556,0.9688,0.599,0.7282,0.6636,0.5244,0.6377,0.5811
11.3,0.5236,0.9134,0.6324,0.9704,0.9572,0.9638,0.5887,0.7197,0.6542,0.5316,0.657,0.5943
11.4,0.5123,0.8918,0.6539,0.9544,0.9541,0.9542,0.5763,0.7058,0.6411,0.541,0.6797,0.6104
11.5,0.4897,0.869,0.6781,0.9352,0.947,0.9411,0.5624,0.6869,0.6246,0.5525,0.7051,0.6288
11.6,0.4569,0.8454,0.7035,0.9134,0.9353,0.9244,0.5471,0.6636,0.6053,0.5651,0.7322,0.6487
11.7,0.4163,0.8209,0.7282,0.8894,0.9182,0.9038,0.5309,0.6369,0.5839,0.5777,0.7595,0.6686
11.8,0.3696,0.7951,0.7507,0.8637,0.8956,0.8797,0.514,0.608,0.561,0.5892,0.7856,0.6874
11.9,0.3179,0.7681,0.7697,0.8372,0.8689,0.853,0.4964,0.5778,0.5371,0.5994,0.8095,0.7045
12,0.2618,0.7402,0.7845,0.811,0.8397,0.8254,0.4783,0.5472,0.5127,0.6089,0.8314,0.7201
12.1,0.2024,0.7121,0.7948,0.786,0.8095,0.7978,0.4601,0.5175,0.4888,0.6181,0.8516,0.7348
12.2,0.1412,0.6845,0.8013,0.763,0.7792,0.7711,0.4425,0.491,0.4668,0.6276,0.8707,0.7491
12.3,0.0799,0.6579,0.8047,0.7421,0.7496,0.7458,0.4263,0.4698,0.4481,0.6374,0.8889,0.7632
12.4,0.0199,0.6328,0.8057,0.7234,0.7218,0.7226,0.412,0.4542,0.4331,0.6473,0.9061,0.7767
12.5,-0.0378,0.6101,0.8043,0.707,0.6971,0.7021,0.4003,0.4437,0.422,0.6571,0.9221,0.7896
12.6,-0.0922,0.5907,0.7997,0.6934,0.6764,0.6849,0.3915,0.4372,0.4144,0.6665,0.9368,0.8016
12.7,-0.1421,0.5755,0.7908,0.683,0.6604,0.6717,0.3864,0.4342,0.4103,0.6753,0.9499,0.8126
12.8,-0.1863,0.565,0.7769,0.6765,0.649,0.6627,0.3849,0.4344,0.4096,0.6832,0.9609,0.822
12.9,-0.2253,0.5593,0.7575,0.6742,0.6422,0.6582,0.3866,0.4368,0.4117,0.6899,0.969,0.8295
13,-0.2601,0.5584,0.7327,0.6758,0.64,0.6579,0.3907,0.4404,0.4156,0.6958,0.9739,0.8348
13.1,-0.2919,0.5617,0.7027,0.6801,0.6422,0.6612,0.3961,0.4445,0.4203,0.701,0.9754,0.8382
13.2,-0.3218,0.5687,0.6686,0.6854,0.6482,0.6668,0.402,0.4486,0.4253,0.706,0.974,0.84
13.3,-0.3508,0.5788,0.6324,0.6903,0.6574,0.6738,0.4076,0.4532,0.4304,0.7109,0.9704,0.8406
13.4,-0.3787,0.5914,0.5965,0.6941,0.6695,0.6818,0.4123,0.459,0.4357,0.7156,0.965,0.8403
13.5,-0.4052,0.6064,0.5631,0.6975,0.6848,0.6912,0.4158,0.466,0.4409,0.7202,0.9583,0.8393
13.6,-0.4295,0.6236,0.5335,0.701,0.7038,0.7024,0.418,0.4742,0.4461,0.7252,0.9507,0.838
13.7,-0.4509,0.6426,0.5087,0.7052,0.726,0.7156,0.4195,0.4837,0.4516,0.7311,0.9433,0.8372
13.8,-0.4684,0.6628,0.4904,0.7099,0.7506,0.7303,0.4211,0.4944,0.4578,0.7382,0.9373,0.8378
13.9,-0.4819,0.6831,0.4805,0.7151,0.776,0.7456,0.4234,0.5064,0.4649,0.7465,0.9335,0.84
14,-0.4917,0.7029,0.4809,0.7208,0.801,0.7609,0.4264,0.5198,0.4731,0.7557,0.9321,0.8439
14.1,-0.4987,0.7216,0.4927,0.7272,0.8249,0.7761,0.4303,0.5345,0.4824,0.7654,0.9328,0.8491
14.2,-0.5032,0.7389,0.516,0.7349,0.8472,0.791,0.4348,0.5498,0.4923,0.7756,0.9354,0.8555
14.3,-0.5054,0.7545,0.5501,0.7439,0.8674,0.8057,0.4402,0.5652,0.5027,0.7867,0.9398,0.8633
14.4,-0.5053,0.7684,0.5937,0.7544,0.8853,0.8199,0.4467,0.5804,0.5135,0.7994,0.946,0.8727
14.5,-0.5026,0.7809,0.6452,0.7665,0.9006,0.8335,0.4547,0.5956,0.5252,0.8138,0.9537,0.8837
14.6,-0.4962,0.7924,0.702,0.7804,0.9131,0.8467,0.4644,0.6111,0.5377,0.8294,0.9621,0.8957
14.7,-0.4838,0.8031,0.7606,0.7963,0.9225,0.8594,0.476,0.6269,0.5514,0.8452,0.9702,0.9077
14.8,-0.463,0.8122,0.817,0.8138,0.9277,0.8707,0.4898,0.6426,0.5662,0.8601,0.9772,0.9187
14.9,-0.4318,0.8187,0.8681,0.832,0.9273,0.8796,0.5056,0.6574,0.5815,0.8734,0.9827,0.9281
15,-0.39,0.8209,0.9114,0.8498,0.9199,0.8848,0.5227,0.6709,0.5968,0.8845,0.9864,0.9355
15.1,-0.3381,0.8175,0.9456,0.8658,0.9049,0.8853,0.5406,0.6827,0.6117,0.8925,0.9881,0.9403
15.2,-0.277,0.8078,0.9699,0.879,0.8826,0.8808,0.5583,0.6922,0.6253,0.8965,0.9869,0.9417
15.3,-0.2073,0.7918,0.9844,0.889,0.8544,0.8717,0.5749,0.6988,0.6368,0.8961,0.9821,0.9391
15.4,-0.1297,0.7703,0.9897,0.8955,0.8225,0.859,0.5894,0.7023,0.6459,0.8911,0.9734,0.9323
15.5,-0.0453,0.7441,0.9864,0.8982,0.789,0.8436,0.6018,0.7035,0.6526,0.8817,0.9609,0.9213
15.6,0.0429,0.7144,0.9753,0.8965,0.7563,0.8264,0.612,0.7034,0.6577,0.8679,0.9447,0.9063
15.7,0.1307,0.6822,0.9566,0.8897,0.726,0.8079,0.6199,0.7022,0.661,0.8497,0.925,0.8874
15.8,0.2132,0.6491,0.9305,0.8771,0.6993,0.7882,0.6247,0.699,0.6619,0.8271,0.9023,0.8647
15.9,0.2862,0.6167,0.8972,0.8585,0.6768,0.7677,0.626,0.6931,0.6596,0.8004,0.8773,0.8388
16,0.3459,0.5871,0.8572,0.8351,0.6588,0.747,0.6237,0.6849,0.6543,0.7705,0.851,0.8108
16.1,0.3902,0.562,0.8119,0.8086,0.6457,0.7272,0.6185,0.6756,0.647,0.7389,0.8247,0.7818
16.2,0.4186,0.5423,0.7631,0.7806,0.6382,0.7094,0.6114,0.6665,0.6389,0.707,0.7994,0.7532
16.3,0.4326,0.528,0.713,0.752,0.6364,0.6942,0.6035,0.6585,0.631,0.6763,0.7764,0.7263
16.4,0.4344,0.519,0.6635,0.7236,0.6401,0.6818,0.5958,0.6521,0.6239,0.6478,0.7567,0.7022
16.5,0.4264,0.515,0.6161,0.6962,0.6486,0.6724,0.5883,0.6474,0.6178,0.6226,0.741,0.6818
16.6,0.4102,0.5161,0.5722,0.671,0.661,0.666,0.581,0.6444,0.6127,0.6013,0.7297,0.6655
16.7,0.3871,0.5216,0.5329,0.6485,0.676,0.6622,0.5739,0.6429,0.6084,0.584,0.7227,0.6533
16.8,0.3586,0.5301,0.499,0.6289,0.6925,0.6607,0.5669,0.6421,0.6045,0.5707,0.7193,0.645
16.9,0.3261,0.5405,0.4708,0.6122,0.7094,0.6608,0.5601,0.6413,0.6007,0.5613,0.7195,0.6404
17,0.2912,0.5518,0.4486,0.5983,0.7259,0.6621,0.5536,0.6398,0.5967,0.5558,0.7231,0.6395
17.1,0.256,0.5636,0.4325,0.5872,0.7409,0.6641,0.5468,0.6371,0.592,0.5539,0.73,0.642
17.2,0.2223,0.5755,0.4227,0.5788,0.7538,0.6663,0.5388,0.6328,0.5858,0.555,0.7393,0.6471
17.3,0.191,0.5874,0.4189,0.5729,0.7643,0.6686,0.5289,0.6267,0.5778,0.558,0.7494,0.6537
17.4,0.1621,0.5989,0.4198,0.5693,0.7723,0.6708,0.5167,0.6187,0.5677,0.562,0.7593,0.6607
17.5,0.1356,0.6092,0.4243,0.5676,0.7777,0.6726,0.5026,0.6085,0.5556,0.5669,0.7685,0.6677
17.6,0.1117,0.6175,0.431,0.567,0.7799,0.6735,0.4868,0.5961,0.5414,0.5727,0.7772,0.6749
17.7,0.0918,0.623,0.439,0.567,0.7785,0.6727,0.4697,0.5813,0.5255,0.5794,0.7858,0.6826
17.8,0.0771,0.6254,0.4479,0.5672,0.7726,0.6699,0.4515,0.5646,0.508,0.5867,0.7945,0.6906
17.9,0.0684,0.6245,0.4583,0.5677,0.7621,0.6649,0.433,0.5465,0.4898,0.594,0.8033,0.6987
18,0.0655,0.6204,0.4704,0.5685,0.7473,0.6579,0.4148,0.5276,0.4712,0.6009,0.812,0.7064
18.1,0.0667,0.6135,0.4844,0.5694,0.7287,0.649,0.3973,0.5083,0.4528,0.6074,0.8203,0.7138
18.2,0.0702,0.604,0.4999,0.5697,0.7066,0.6382,0.3803,0.4891,0.4347,0.6139,0.8277,0.7208
18.3,0.0745,0.5922,0.5163,0.5688,0.6819,0.6253,0.3636,0.4701,0.4169,0.6211,0.8336,0.7274
18.4,0.0785,0.5784,0.5331,0.5664,0.6558,0.6111,0.3476,0.452,0.3998,0.6296,0.8377,0.7336
18.5,0.0823,0.5634,0.5501,0.5634,0.63,0.5967,0.3335,0.4352,0.3844,0.6401,0.84,0.74
18.6,0.0852,0.5481,0.5678,0.5602,0.6061,0.5832,0.3228,0.4207,0.3717,0.6535,0.841,0.7473
18.7,0.0862,0.5332,0.5867,0.557,0.5856,0.5713,0.3164,0.409,0.3627,0.6709,0.8416,0.7562
18.8,0.0839,0.5191,0.6072,0.5536,0.5692,0.5614,0.315,0.4007,0.3578,0.6926,0.8425,0.7676
18.9,0.078,0.5054,0.6287,0.5498,0.5568,0.5533,0.3193,0.3961,0.3577,0.7187,0.8444,0.7816
19,0.069,0.4922,0.6501,0.5457,0.548,0.5469,0.3298,0.3952,0.3625,0.7485,0.8477,0.7981
19.1,0.0577,0.4798,0.6709,0.5422,0.5426,0.5424,0.347,0.3978,0.3724,0.7812,0.8526,0.8169
19.2,0.045,0.4687,0.6914,0.5397,0.54,0.5399,0.3714,0.4036,0.3875,0.8162,0.8592,0.8377
19.3,0.0309,0.4589,0.7119,0.5389,0.5399,0.5394,0.4035,0.4127,0.4081,0.8528,0.8675,0.8601
19.4,0.0154,0.4505,0.7323,0.5402,0.5423,0.5413,0.443,0.4253,0.4342,0.89,0.8775,0.8837
19.5,-0.0013,0.4438,0.7525,0.5438,0.5478,0.5458,0.4891,0.442,0.4656,0.9264,0.8891,0.9077
19.6,-0.0192,0.439,0.7725,0.5494,0.5569,0.5532,0.5395,0.4632,0.5014,0.9606,0.902,0.9313
19.7,-0.0381,0.4363,0.7924,0.5565,0.5703,0.5634,0.5912,0.489,0.5401,0.9909,0.9163,0.9536
19.8,-0.0585,0.4356,0.8121,0.5638,0.5879,0.5759,0.6411,0.5188,0.5799,1.0163,0.9315,0.9739
19.9,-0.0812,0.436,0.8309,0.5705,0.61,0.5902,0.6866,0.5509,0.6188,1.0356,0.9467,0.9911
20,-0.1069,0.4369,0.8474,0.5757,0.6365,0.6061,0.726,0.5834,0.6547,1.0477,0.9604,1.004
20.1,-0.1353,0.4379,0.86,0.579,0.6681,0.6235,0.7585,0.6141,0.6863,1.0518,0.9713,1.0115
20.2,-0.1657,0.4395,0.867,0.5802,0.7057,0.6429,0.784,0.6421,0.713,1.0476,0.9782,1.0129
20.3,-0.1972,0.4424,0.8675,0.5789,0.7493,0.6641,0.8023,0.6665,0.7344,1.0353,0.9804,1.0079
20.4,-0.2296,0.4464,0.8616,0.5739,0.7979,0.6859,0.8137,0.6867,0.7502,1.0156,0.9775,0.9966
20.5,-0.2631,0.4511,0.8495,0.5637,0.8482,0.706,0.818,0.702,0.76,0.989,0.9694,0.9792
20.6,-0.2984,0.4557,0.8319,0.5471,0.8965,0.7218,0.8157,0.7118,0.7638,0.956,0.9565,0.9563
20.7,-0.3362,0.4597,0.8099,0.5242,0.9396,0.7319,0.8079,0.716,0.7619,0.9172,0.9394,0.9283
20.8,-0.377,0.4628,0.7848,0.4959,0.9758,0.7358,0.7957,0.7149,0.7553,0.8736,0.919,0.8963
20.9,-0.4207,0.465,0.7578,0.4636,1.0046,0.7341,0.7803,0.7094,0.7449,0.8269,0.8959,0.8614
21,-0.4665,0.4667,0.7294,0.4292,1.0257,0.7275,0.7626,0.7004,0.7315,0.7789,0.8712,0.825
21.1,-0.5133,0.4684,0.7008,0.3945,1.0382,0.7164,0.7427,0.689,0.7158,0.7313,0.8456,0.7885
21.2,-0.56,0.4702,0.6738,0.3615,1.0416,0.7015,0.7209,0.6757,0.6983,0.6854,0.8202,0.7528
21.3,-0.6064,0.472,0.65,0.3315,1.0363,0.6839,0.6974,0.6609,0.6791,0.6419,0.7952,0.7185
21.4,-0.6521,0.4731,0.6299,0.3055,1.0235,0.6645,0.6724,0.6446,0.6585,0.6019,0.7707,0.6863
21.5,-0.6964,0.4733,0.6129,0.2838,1.0044,0.6441,0.6464,0.6267,0.6366,0.5664,0.7469,0.6567
21.6,-0.7374,0.4721,0.5979,0.2667,0.9806,0.6237,0.6201,0.6075,0.6138,0.5362,0.7243,0.6302
21.7,-0.773,0.4697,0.5852,0.2548,0.9538,0.6043,0.595,0.5878,0.5914,0.5116,0.7037,0.6076
21.8,-0.8016,0.4663,0.5759,0.2485,0.926,0.5872,0.5729,0.569,0.5709,0.4929,0.686,0.5895
21.9,-0.8233,0.4625,0.5712,0.2475,0.8983,0.5729,0.5551,0.5524,0.5537,0.4803,0.6719,0.5761
22,-0.8386,0.4581,0.5711,0.2515,0.8708,0.5612,0.5424,0.5388,0.5406,0.4733,0.6613,0.5673
22.1,-0.8472,0.4533,0.5747,0.2601,0.843,0.5515,0.5347,0.5286,0.5316,0.4713,0.6536,0.5624
22.2,-0.8467,0.4485,0.5808,0.2729,0.8143,0.5436,0.5314,0.5218,0.5266,0.4736,0.6485,0.5611
22.3,-0.8343,0.4444,0.5884,0.2898,0.7843,0.537,0.5325,0.5186,0.5256,0.4797,0.6458,0.5628
22.4,-0.8085,0.4415,0.5971,0.3103,0.7529,0.5316,0.5381,0.5192,0.5286,0.4893,0.6453,0.5673
22.5,-0.7691,0.44,0.6063,0.3339,0.7199,0.5269,0.5483,0.5231,0.5357,0.502,0.6471,0.5746
22.6,-0.7168,0.4396,0.6157,0.3598,0.6851,0.5224,0.5627,0.53,0.5464,0.5174,0.6513,0.5844
22.7,-0.6526,0.4396,0.6252,0.3869,0.6488,0.5179,0.5806,0.5396,0.5601,0.5348,0.6582,0.5965
22.8,-0.5788,0.4392,0.635,0.4137,0.6119,0.5128,0.6007,0.5518,0.5763,0.5533,0.6679,0.6106
22.9,-0.4985,0.4386,0.6453,0.4383,0.5754,0.5069,0.6217,0.5668,0.5943,0.5722,0.6801,0.6262
23,-0.4156,0.4378,0.6558,0.4596,0.5399,0.4998,0.6425,0.584,0.6133,0.5911,0.6942,0.6427
23.1,-0.334,0.4373,0.6661,0.4772,0.5061,0.4916,0.6623,0.6019,0.6321,0.6093,0.7092,0.6592
23.2,-0.2575,0.4375,0.6754,0.4912,0.4742,0.4827,0.6805,0.6191,0.6498,0.626,0.7239,0.675
23.3,-0.1894,0.4385,0.6837,0.5023,0.4451,0.4737,0.6968,0.6347,0.6658,0.6405,0.7375,0.689
23.4,-0.1331,0.4403,0.6906,0.5106,0.4192,0.4649,0.7108,0.649,0.6799,0.6521,0.7495,0.7008
23.5,-0.0904,0.4428,0.6959,0.516,0.3965,0.4563,0.7218,0.6621,0.692,0.6602,0.7594,0.7098
23.6,-0.0614,0.4452,0.6998,0.5185,0.3768,0.4477,0.7293,0.6742,0.7018,0.664,0.7671,0.7155
23.7,-0.0453,0.4465,0.7031,0.5181,0.3596,0.4389,0.7329,0.685,0.7089,0.6628,0.7723,0.7176
23.8,-0.0408,0.446,0.7074,0.5153,0.3451,0.4302,0.7326,0.6945,0.7135,0.6563,0.7754,0.7159
23.9,-0.0475,0.4438,0.7147,0.5105,0.3343,0.4224,0.7293,0.7032,0.7163,0.6454,0.777,0.7112
24,-0.0655,0.4404,0.726,0.5041,0.3282,0.4162,0.724,0.7122,0.7181,0.6312,0.7777,0.7045
24.1,-0.0946,0.4363,0.7415,0.4969,0.328,0.4125,0.7176,0.7221,0.7199,0.6148,0.7778,0.6963
24.2,-0.1324,0.4314,0.76,0.4895,0.3341,0.4118,0.7104,0.7328,0.7216,0.5973,0.7774,0.6873
24.3,-0.1748,0.4252,0.7798,0.4826,0.3464,0.4145,0.7026,0.7439,0.7232,0.5802,0.777,0.6786
24.4,-0.2174,0.4176,0.7996,0.4772,0.364,0.4206,0.6945,0.7544,0.7245,0.5648,0.7776,0.6712
24.5,-0.2566,0.4091,0.8187,0.474,0.3859,0.43,0.6869,0.7642,0.7255,0.5528,0.7797,0.6663
24.6,-0.2899,0.4005,0.837,0.4736,0.4107,0.4422,0.6803,0.7731,0.7267,0.545,0.7827,0.6639
24.7,-0.316,0.3927,0.8535,0.4759,0.4371,0.4565,0.6754,0.7812,0.7283,0.5412,0.7858,0.6635
24.8,-0.3344,0.3864,0.8668,0.4808,0.4638,0.4723,0.6723,0.7882,0.7302,0.5413,0.7887,0.665
24.9,-0.3451,0.3818,0.8761,0.4878,0.4898,0.4888,0.6709,0.7942,0.7326,0.5455,0.7923,0.6689
25,-0.3483,0.3795,0.8815,0.4966,0.5149,0.5057,0.6712,0.7993,0.7353,0.5538,0.7979,0.6758
25.1,-0.3446,0.3801,0.8834,0.5069,0.5387,0.5228,0.673,0.8034,0.7382,0.5659,0.8061,0.686
25.2,-0.3348,0.3841,0.8821,0.5187,0.5611,0.5399,0.6756,0.8059,0.7407,0.5806,0.816,0.6983
25.3,-0.3202,0.3916,0.8772,0.5318,0.5817,0.5568,0.6782,0.8059,0.7421,0.5967,0.8267,0.7117
25.4,-0.3017,0.4024,0.8685,0.5458,0.6,0.5729,0.68,0.8032,0.7416,0.6129,0.8374,0.7251
25.5,-0.2796,0.4167,0.8566,0.5599,0.616,0.588,0.6806,0.7983,0.7394,0.6286,0.8481,0.7384
25.6,-0.2538,0.4344,0.8425,0.5733,0.6298,0.6016,0.6802,0.7921,0.7362,0.6439,0.8593,0.7516
25.7,-0.2245,0.455,0.827,0.5856,0.6415,0.6136,0.6793,0.7857,0.7325,0.6591,0.8711,0.7651
25.8,-0.1927,0.4779,0.8109,0.597,0.6509,0.6239,0.678,0.7795,0.7288,0.6741,0.8829,0.7785
25.9,-0.1595,0.5019,0.7951,0.607,0.6579,0.6325,0.676,0.7734,0.7247,0.6882,0.8945,0.7914
26,-0.1274,0.5258,0.7805,0.615,0.6624,0.6387,0.6732,0.767,0.7201,0.7009,0.9056,0.8032
26.1,-0.0986,0.5489,0.7675,0.6197,0.6646,0.6422,0.6699,0.7608,0.7153,0.712,0.916,0.814
26.2,-0.0748,0.5708,0.7562,0.6207,0.6653,0.643,0.6671,0.7549,0.711,0.7218,0.9255,0.8236
26.3,-0.0563,0.5913,0.7463,0.6184,0.6648,0.6416,0.6656,0.7499,0.7078,0.7307,0.9331,0.8319
26.4,-0.0419,0.6103,0.7381,0.6146,0.6636,0.6391,0.6658,0.7457,0.7058,0.739,0.9381,0.8385
26.5,-0.0296,0.6276,0.7324,0.6108,0.6616,0.6362,0.6673,0.7426,0.705,0.7468,0.9403,0.8435
26.6,-0.0184,0.6429,0.7297,0.6079,0.6592,0.6335,0.6696,0.7405,0.7051,0.754,0.9401,0.847
26.7,-0.0087,0.6555,0.7301,0.6059,0.6563,0.6311,0.672,0.7397,0.7059,0.7607,0.9382,0.8495
26.8,-0.0011,0.6651,0.7333,0.6048,0.6534,0.6291,0.6742,0.7399,0.7071,0.7675,0.9348,0.8511
26.9,0.0043,0.6713,0.7392,0.6047,0.6505,0.6276,0.6758,0.7404,0.7081,0.7747,0.9296,0.8522
27,0.0083,0.674,0.748,0.6056,0.6477,0.6266,0.6761,0.7405,0.7083,0.7824,0.9226,0.8525
27.1,0.0116,0.6735,0.7603,0.6074,0.6453,0.6263,0.6749,0.7398,0.7073,0.7902,0.9135,0.8519
27.2,0.0143,0.6703,0.7762,0.6098,0.6436,0.6267,0.6718,0.7384,0.7051,0.7975,0.9022,0.8499
27.3,0.0157,0.6646,0.7954,0.6125,0.6427,0.6276,0.6672,0.7362,0.7017,0.8045,0.8884,0.8465
27.4,0.0153,0.6567,0.8168,0.6153,0.6419,0.6286,0.6617,0.7334,0.6976,0.8111,0.8722,0.8417
27.5,0.0138,0.6467,0.8399,0.618,0.6409,0.6295,0.6559,0.7299,0.6929,0.8175,0.8538,0.8356
27.6,0.0124,0.6354,0.8647,0.6207,0.6395,0.6301,0.6507,0.7259,0.6883,0.8238,0.8338,0.8288
27.7,0.0111,0.624,0.8916,0.6232,0.638,0.6306,0.6471,0.7223,0.6847,0.8302,0.8131,0.8217
27.8,0.009,0.6138,0.9205,0.6256,0.6365,0.631,0.6456,0.7202,0.6829,0.8371,0.7921,0.8146
27.9,0.004,0.6057,0.9507,0.6276,0.6353,0.6315,0.6466,0.7203,0.6834,0.8448,0.7717,0.8082
28,-0.0057,0.6002,0.9804,0.6293,0.6344,0.6319,0.6496,0.7227,0.6861,0.8529,0.753,0.803
28.1,-0.0212,0.5974,1.0067,0.6305,0.6343,0.6324,0.6546,0.7264,0.6905,0.8614,0.7374,0.7994
28.2,-0.0433,0.5971,1.0266,0.6306,0.6353,0.633,0.6615,0.7307,0.6961,0.8705,0.7261,0.7983
28.3,-0.0724,0.5986,1.0381,0.6295,0.6379,0.6337,0.6704,0.7351,0.7027,0.8806,0.7199,0.8002
28.4,-0.108,0.6016,1.0404,0.6271,0.642,0.6345,0.6814,0.7389,0.7101,0.8907,0.7184,0.8046
28.5,-0.1477,0.6059,1.0334,0.6238,0.647,0.6354,0.6944,0.7421,0.7182,0.899,0.7206,0.8098
28.6,-0.1883,0.6105,1.0183,0.6199,0.6517,0.6358,0.7096,0.7447,0.7271,0.9038,0.725,0.8144
28.7,-0.2276,0.6144,0.9968,0.6151,0.655,0.635,0.7267,0.7471,0.7369,0.9051,0.7309,0.818
28.8,-0.264,0.617,0.9711,0.6084,0.6566,0.6325,0.7452,0.7496,0.7474,0.9036,0.7376,0.8206
28.9,-0.2974,0.6176,0.9441,0.5994,0.6564,0.6279,0.7639,0.7521,0.758,0.8997,0.7445,0.8221
29,-0.3272,0.616,0.9182,0.588,0.6548,0.6214,0.7813,0.7536,0.7674,0.8936,0.7513,0.8225
29.1,-0.3522,0.6118,0.8949,0.5749,0.6514,0.6131,0.7956,0.7522,0.7739,0.8848,0.7576,0.8212
29.2,-0.3715,0.6045,0.8747,0.5606,0.6452,0.6029,0.8053,0.7461,0.7757,0.8725,0.7628,0.8176
29.3,-0.3851,0.5943,0.8571,0.5454,0.6357,0.5906,0.8091,0.7343,0.7717,0.8567,0.7668,0.8118
29.4,-0.3938,0.5812,0.8413,0.5291,0.6234,0.5762,0.8067,0.7174,0.7621,0.8382,0.7696,0.8039
29.5,-0.3981,0.5659,0.8266,0.5122,0.6091,0.5607,0.7981,0.6965,0.7473,0.818,0.7712,0.7946
29.6,-0.3983,0.549,0.8129,0.4953,0.5938,0.5446,0.7834,0.6727,0.728,0.7969,0.7716,0.7842
29.7,-0.3943,0.5311,0.8006,0.4792,0.5774,0.5283,0.7631,0.6467,0.7049,0.7749,0.7707,0.7728
29.8,-0.386,0.5126,0.79,0.4641,0.5591,0.5116,0.7379,0.6186,0.6783,0.7518,0.7679,0.7599
29.9,-0.3745,0.4938,0.7801,0.4495,0.5388,0.4942,0.7085,0.5886,0.6485,0.727,0.7627,0.7448
