Time,Kmart - Lego Masters Journey 30 TVC,Kmart - Lego Masters Journey 30 TVC,Kmart - Lego Masters Journey 30 TVC,Kmart - Lego Masters Journey 30 TVC,Kmart - Lego Masters Journey 30 TVC,Kmart - Lego Masters Journey 30 TVC,Kmart - Lego Masters Journey 30 TVC,Kmart - Lego Masters Journey 30 TVC,Kmart - Lego Masters Journey 30 TVC,Kmart - Lego Masters Journey 30 TVC,Kmart - Lego Masters Journey 30 TVC,Kmart - Lego Masters Journey 30 TVC
,Approach / Withdraw,Engagement,Emotional Intensity,Memory Encoding - Detail,Memory Encoding - Global,Memory Encoding - Composite,General Attention - Detail,General Attention - Global,General Attention - Composite,Visual Attention - Detail,Visual Attention - Global,Visual Attention - Composite
0,0.275,0.3299,0.3066,0.4263,0.3935,0.4099,0.2624,0.294,0.2782,0.5652,0.5637,0.5645
0.1,0.3083,0.3535,0.3015,0.4612,0.4027,0.4319,0.2931,0.3235,0.3083,0.558,0.5848,0.5714
0.2,0.3359,0.3766,0.3038,0.4935,0.4133,0.4534,0.3251,0.3545,0.3398,0.5516,0.6057,0.5787
0.3,0.3594,0.3985,0.3124,0.5233,0.4248,0.474,0.3575,0.3857,0.3716,0.5467,0.6256,0.5862
0.4,0.3789,0.4187,0.3259,0.551,0.4371,0.494,0.3892,0.4161,0.4026,0.5435,0.6437,0.5936
0.5,0.3943,0.4372,0.3434,0.577,0.4505,0.5137,0.4191,0.4456,0.4324,0.5418,0.6596,0.6007
0.6,0.4056,0.4536,0.3641,0.6022,0.4654,0.5338,0.4467,0.4742,0.4605,0.5419,0.6738,0.6079
0.7,0.4132,0.4679,0.3874,0.6274,0.4824,0.5549,0.472,0.5016,0.4868,0.5437,0.6867,0.6152
0.8,0.4178,0.4797,0.4121,0.6526,0.5017,0.5772,0.4951,0.5268,0.5109,0.5471,0.6981,0.6226
0.9,0.4202,0.4888,0.437,0.6776,0.5231,0.6004,0.5156,0.5489,0.5323,0.5516,0.7076,0.6296
1,0.4206,0.4956,0.4612,0.702,0.5456,0.6238,0.5332,0.5671,0.5502,0.5567,0.715,0.6359
1.1,0.4188,0.5002,0.4843,0.7252,0.5684,0.6468,0.5473,0.5809,0.5641,0.5618,0.7204,0.6411
1.2,0.4143,0.5031,0.5063,0.7475,0.5911,0.6693,0.5573,0.5897,0.5735,0.5671,0.7241,0.6456
1.3,0.4071,0.5049,0.5269,0.769,0.6138,0.6914,0.5634,0.5931,0.5783,0.5731,0.7266,0.6498
1.4,0.3973,0.5065,0.5458,0.7902,0.6368,0.7135,0.5661,0.5911,0.5786,0.5802,0.728,0.6541
1.5,0.3855,0.508,0.5634,0.8112,0.6601,0.7357,0.5668,0.584,0.5754,0.5884,0.7287,0.6585
1.6,0.3726,0.5097,0.58,0.832,0.6827,0.7573,0.5664,0.5722,0.5693,0.5968,0.7288,0.6628
1.7,0.3606,0.5118,0.5954,0.8524,0.7031,0.7778,0.565,0.556,0.5605,0.6045,0.7283,0.6664
1.8,0.3509,0.5148,0.6091,0.8723,0.7207,0.7965,0.5627,0.5354,0.549,0.6103,0.7267,0.6685
1.9,0.3436,0.5196,0.6206,0.8912,0.7363,0.8138,0.5594,0.5111,0.5353,0.6134,0.7236,0.6685
2,0.3372,0.5268,0.6298,0.9087,0.751,0.8298,0.5558,0.4851,0.5204,0.6136,0.7186,0.6661
2.1,0.3302,0.5363,0.6372,0.9237,0.7652,0.8444,0.5528,0.4597,0.5063,0.6109,0.7122,0.6616
2.2,0.3215,0.5479,0.644,0.9354,0.7782,0.8568,0.5514,0.4371,0.4942,0.6061,0.7055,0.6558
2.3,0.3113,0.5614,0.6513,0.9434,0.7893,0.8663,0.5521,0.4186,0.4854,0.5997,0.6996,0.6496
2.4,0.3001,0.5771,0.66,0.9471,0.7978,0.8724,0.5551,0.4046,0.4799,0.5924,0.6949,0.6437
2.5,0.2877,0.595,0.6701,0.946,0.8036,0.8748,0.5604,0.3949,0.4776,0.5852,0.6913,0.6382
2.6,0.2728,0.6145,0.6812,0.9397,0.807,0.8734,0.568,0.3893,0.4786,0.5787,0.6884,0.6336
2.7,0.2541,0.6353,0.6928,0.9276,0.8079,0.8678,0.578,0.3877,0.4829,0.5738,0.6864,0.6301
2.8,0.2323,0.6571,0.7041,0.9102,0.8062,0.8582,0.5904,0.3899,0.4901,0.5709,0.6852,0.628
2.9,0.2094,0.6801,0.7146,0.8887,0.8019,0.8453,0.6056,0.3955,0.5005,0.5707,0.6849,0.6278
3,0.1874,0.7043,0.7244,0.8643,0.7952,0.8298,0.6237,0.4044,0.514,0.5742,0.6857,0.6299
3.1,0.1679,0.7292,0.7338,0.8381,0.7859,0.812,0.6446,0.4163,0.5305,0.5824,0.688,0.6352
3.2,0.1521,0.7538,0.743,0.811,0.7741,0.7925,0.6676,0.4311,0.5494,0.5961,0.6923,0.6442
3.3,0.1402,0.7771,0.7513,0.7844,0.7598,0.7721,0.6919,0.4482,0.57,0.615,0.6982,0.6566
3.4,0.1317,0.7989,0.7574,0.7595,0.7439,0.7517,0.7165,0.4669,0.5917,0.638,0.7045,0.6713
3.5,0.1252,0.8187,0.7612,0.7375,0.7282,0.7329,0.7409,0.4862,0.6135,0.6632,0.7104,0.6868
3.6,0.1197,0.8363,0.7631,0.7189,0.7142,0.7165,0.7637,0.5054,0.6346,0.6891,0.7152,0.7022
3.7,0.1146,0.8509,0.7643,0.7036,0.7032,0.7034,0.7838,0.5245,0.6542,0.7145,0.7193,0.7169
3.8,0.1097,0.8617,0.7658,0.6909,0.6959,0.6934,0.7996,0.5433,0.6714,0.7386,0.7227,0.7307
3.9,0.105,0.8686,0.7684,0.6799,0.6923,0.6861,0.8101,0.5613,0.6857,0.7604,0.7255,0.7429
4,0.1002,0.8712,0.772,0.6701,0.6916,0.6808,0.8154,0.5781,0.6967,0.7791,0.727,0.753
4.1,0.0947,0.8694,0.776,0.6604,0.6922,0.6763,0.8155,0.5927,0.7041,0.7942,0.7266,0.7604
4.2,0.088,0.8632,0.78,0.65,0.692,0.671,0.8102,0.6043,0.7072,0.8053,0.7237,0.7645
4.3,0.0796,0.8533,0.7833,0.638,0.6894,0.6637,0.7991,0.6125,0.7058,0.8119,0.7179,0.7649
4.4,0.0687,0.8406,0.7862,0.624,0.6842,0.6541,0.7825,0.6178,0.7001,0.8137,0.7089,0.7613
4.5,0.0547,0.8261,0.7886,0.6078,0.6774,0.6426,0.7612,0.6208,0.691,0.8107,0.6969,0.7538
4.6,0.0369,0.81,0.7908,0.5897,0.6702,0.63,0.7364,0.6222,0.6793,0.8035,0.682,0.7428
4.7,0.0142,0.7919,0.7929,0.5701,0.663,0.6166,0.7092,0.6221,0.6656,0.7927,0.6647,0.7287
4.8,-0.0137,0.7714,0.7952,0.5491,0.6553,0.6022,0.6801,0.6204,0.6503,0.7784,0.645,0.7117
4.9,-0.0459,0.7485,0.7974,0.5267,0.6464,0.5866,0.6494,0.617,0.6332,0.7604,0.6228,0.6916
5,-0.0803,0.7241,0.7989,0.5041,0.6364,0.5703,0.6172,0.6119,0.6146,0.739,0.5981,0.6685
5.1,-0.1142,0.6994,0.7997,0.4823,0.626,0.5542,0.5848,0.606,0.5954,0.7153,0.5714,0.6433
5.2,-0.1463,0.6754,0.8,0.4627,0.6163,0.5395,0.5533,0.6002,0.5767,0.6907,0.5437,0.6172
5.3,-0.1764,0.6526,0.7995,0.4459,0.6079,0.5269,0.5241,0.595,0.5595,0.6665,0.5162,0.5914
5.4,-0.2043,0.6311,0.7975,0.4321,0.6007,0.5164,0.4976,0.5904,0.544,0.6438,0.4899,0.5668
5.5,-0.2288,0.611,0.7932,0.4214,0.5938,0.5076,0.4741,0.5861,0.5301,0.6231,0.4659,0.5445
5.6,-0.2483,0.5929,0.7863,0.4139,0.5866,0.5003,0.4541,0.5823,0.5182,0.6054,0.4452,0.5253
5.7,-0.2619,0.5776,0.7771,0.4097,0.579,0.4944,0.4386,0.5793,0.5089,0.5916,0.4285,0.5101
5.8,-0.2696,0.5655,0.7661,0.4084,0.5716,0.49,0.4285,0.5779,0.5032,0.5826,0.4164,0.4995
5.9,-0.2722,0.5569,0.7539,0.4098,0.5651,0.4875,0.4244,0.5782,0.5013,0.5787,0.4094,0.4941
6,-0.2705,0.552,0.741,0.4143,0.5605,0.4874,0.4267,0.5803,0.5035,0.5797,0.4082,0.4939
6.1,-0.266,0.5513,0.7277,0.4226,0.559,0.4908,0.4354,0.5847,0.51,0.5851,0.4132,0.4991
6.2,-0.26,0.5555,0.715,0.4359,0.5617,0.4988,0.451,0.592,0.5215,0.5944,0.4247,0.5095
6.3,-0.2539,0.5651,0.7038,0.4548,0.5695,0.5122,0.4733,0.6025,0.5379,0.6072,0.4424,0.5248
6.4,-0.2489,0.5799,0.6952,0.4796,0.5825,0.531,0.5015,0.6159,0.5587,0.6227,0.4656,0.5442
6.5,-0.2452,0.5993,0.6898,0.5098,0.5999,0.5549,0.5343,0.6308,0.5825,0.6398,0.4926,0.5662
6.6,-0.2422,0.6223,0.6874,0.5452,0.6209,0.583,0.57,0.6464,0.6082,0.6569,0.5219,0.5894
6.7,-0.2392,0.6478,0.6878,0.5852,0.6445,0.6149,0.6079,0.6619,0.6349,0.6723,0.5518,0.612
6.8,-0.2355,0.6748,0.691,0.6288,0.6701,0.6494,0.6474,0.6772,0.6623,0.6849,0.5809,0.6329
6.9,-0.2305,0.7018,0.6972,0.6739,0.6962,0.685,0.6874,0.6917,0.6895,0.6943,0.6087,0.6515
7,-0.2234,0.727,0.7061,0.7182,0.7213,0.7198,0.7264,0.7046,0.7155,0.7005,0.6347,0.6676
7.1,-0.2133,0.7493,0.7164,0.7603,0.7442,0.7523,0.7632,0.7147,0.739,0.7034,0.6585,0.681
7.2,-0.2006,0.7683,0.7269,0.7993,0.7647,0.782,0.7972,0.7212,0.7592,0.7031,0.68,0.6916
7.3,-0.1858,0.7844,0.7366,0.8348,0.7826,0.8087,0.828,0.7238,0.7759,0.6997,0.6988,0.6993
7.4,-0.1687,0.798,0.7446,0.8663,0.7979,0.8321,0.8559,0.7226,0.7892,0.6935,0.7145,0.704
7.5,-0.1484,0.8092,0.7506,0.8935,0.8104,0.8519,0.8802,0.7177,0.799,0.6845,0.7267,0.7056
7.6,-0.1237,0.8178,0.7544,0.9157,0.8199,0.8678,0.9003,0.7094,0.8049,0.6728,0.7348,0.7038
7.7,-0.0939,0.8235,0.7561,0.9328,0.8265,0.8796,0.9157,0.6979,0.8068,0.6581,0.7384,0.6982
7.8,-0.0598,0.8262,0.7555,0.9444,0.8307,0.8875,0.9263,0.6838,0.8051,0.6406,0.737,0.6888
7.9,-0.0225,0.8255,0.7524,0.9505,0.8328,0.8916,0.932,0.6678,0.7999,0.6206,0.7308,0.6757
8,0.0172,0.8213,0.7469,0.9514,0.8324,0.8919,0.9322,0.6504,0.7913,0.5988,0.7204,0.6596
8.1,0.0589,0.8139,0.7394,0.9476,0.8287,0.8882,0.9263,0.6317,0.779,0.5755,0.7062,0.6409
8.2,0.1027,0.8037,0.73,0.9396,0.8212,0.8804,0.9144,0.6122,0.7633,0.5513,0.6889,0.6201
8.3,0.1478,0.7917,0.7188,0.928,0.8099,0.869,0.8971,0.5926,0.7448,0.5266,0.6691,0.5979
8.4,0.1924,0.7786,0.7063,0.9134,0.7957,0.8545,0.8757,0.5743,0.725,0.5027,0.6478,0.5753
8.5,0.2339,0.7651,0.6934,0.8961,0.7793,0.8377,0.8514,0.5585,0.705,0.4811,0.626,0.5536
8.6,0.2692,0.7516,0.6802,0.8762,0.7609,0.8186,0.8243,0.5453,0.6848,0.4632,0.6045,0.5339
8.7,0.2953,0.7382,0.6666,0.8537,0.7409,0.7973,0.7946,0.5343,0.6645,0.4495,0.584,0.5167
8.8,0.3111,0.7253,0.6524,0.8287,0.7197,0.7742,0.763,0.5252,0.6441,0.4404,0.5651,0.5028
8.9,0.3171,0.7132,0.6387,0.8019,0.6983,0.7501,0.7308,0.5181,0.6245,0.4361,0.5489,0.4925
9,0.3142,0.7026,0.6266,0.7745,0.6783,0.7264,0.7001,0.5137,0.6069,0.4364,0.5363,0.4863
9.1,0.3036,0.6939,0.6177,0.7475,0.6611,0.7043,0.6724,0.5118,0.5921,0.4405,0.5281,0.4843
9.2,0.286,0.6873,0.6124,0.7216,0.6476,0.6846,0.6481,0.5121,0.5801,0.4472,0.5244,0.4858
9.3,0.2614,0.6824,0.6107,0.6976,0.6379,0.6678,0.6273,0.5134,0.5704,0.4555,0.5249,0.4902
9.4,0.2305,0.6785,0.6121,0.6764,0.6318,0.6541,0.61,0.5153,0.5627,0.4648,0.5294,0.4971
9.5,0.1948,0.6753,0.6162,0.6586,0.629,0.6438,0.5964,0.5179,0.5571,0.4748,0.5375,0.5062
9.6,0.1562,0.6725,0.6231,0.6444,0.6291,0.6367,0.5867,0.5212,0.5539,0.4856,0.5487,0.5171
9.7,0.1161,0.6699,0.6327,0.6335,0.6313,0.6324,0.5811,0.5252,0.5531,0.4968,0.5621,0.5295
9.8,0.0753,0.6673,0.645,0.6258,0.6352,0.6305,0.5803,0.5293,0.5548,0.5078,0.5767,0.5423
9.9,0.0343,0.6645,0.6594,0.6212,0.6406,0.6309,0.5852,0.5333,0.5593,0.518,0.5917,0.5549
10,-0.0059,0.6616,0.6755,0.6199,0.6476,0.6338,0.5967,0.537,0.5668,0.5273,0.6065,0.5669
10.1,-0.044,0.658,0.6922,0.6215,0.6558,0.6387,0.6147,0.5406,0.5776,0.5355,0.6205,0.578
10.2,-0.0781,0.6533,0.7086,0.6251,0.6641,0.6446,0.6381,0.5438,0.5909,0.5427,0.633,0.5879
10.3,-0.1064,0.6472,0.7238,0.63,0.6711,0.6505,0.6649,0.546,0.6054,0.5486,0.6431,0.5959
10.4,-0.1275,0.6399,0.7368,0.6366,0.6759,0.6563,0.693,0.5463,0.6197,0.5533,0.6501,0.6017
10.5,-0.1407,0.6327,0.7469,0.6462,0.6789,0.6625,0.7208,0.5445,0.6327,0.5568,0.6537,0.6052
10.6,-0.1455,0.6268,0.7541,0.6597,0.6803,0.67,0.7472,0.5408,0.644,0.5591,0.6537,0.6064
10.7,-0.1419,0.6227,0.7585,0.6772,0.6801,0.6786,0.7708,0.5358,0.6533,0.5602,0.6501,0.6051
10.8,-0.1293,0.6201,0.7606,0.6978,0.677,0.6874,0.7901,0.5299,0.66,0.5599,0.6426,0.6013
10.9,-0.1079,0.6182,0.7605,0.7201,0.6703,0.6952,0.8034,0.5229,0.6631,0.5582,0.6312,0.5947
11,-0.0789,0.6163,0.7576,0.7426,0.6599,0.7013,0.8098,0.5144,0.6621,0.5551,0.6159,0.5855
11.1,-0.0454,0.6144,0.7513,0.7642,0.6466,0.7054,0.8089,0.5038,0.6564,0.5511,0.5974,0.5743
11.2,-0.011,0.613,0.7412,0.784,0.6314,0.7077,0.8005,0.4911,0.6458,0.5468,0.5764,0.5616
11.3,0.0215,0.6124,0.7279,0.8011,0.6155,0.7083,0.7843,0.4762,0.6303,0.5425,0.5543,0.5484
11.4,0.0507,0.6125,0.7126,0.8153,0.6003,0.7078,0.7608,0.4598,0.6103,0.5382,0.5323,0.5353
11.5,0.0764,0.6136,0.6961,0.8266,0.5871,0.7068,0.7311,0.4423,0.5867,0.5339,0.5113,0.5226
11.6,0.0984,0.6158,0.6784,0.8347,0.5769,0.7058,0.6966,0.4243,0.5605,0.5293,0.4916,0.5105
11.7,0.1164,0.6191,0.659,0.8396,0.5701,0.7048,0.659,0.4067,0.5329,0.5242,0.4732,0.4987
11.8,0.13,0.6239,0.6382,0.8409,0.5662,0.7036,0.6198,0.3901,0.5049,0.5183,0.4561,0.4872
11.9,0.1391,0.63,0.6164,0.8385,0.5645,0.7015,0.5804,0.3747,0.4776,0.5115,0.4404,0.476
12,0.1435,0.6377,0.5943,0.8324,0.5644,0.6984,0.5427,0.3603,0.4515,0.5038,0.4262,0.465
12.1,0.1432,0.6469,0.5722,0.8227,0.5658,0.6942,0.508,0.347,0.4275,0.4951,0.4136,0.4544
12.2,0.138,0.6571,0.5509,0.8093,0.5688,0.6891,0.4771,0.3351,0.4061,0.4854,0.4031,0.4442
12.3,0.1277,0.6676,0.5315,0.7923,0.5733,0.6828,0.4498,0.3253,0.3876,0.4745,0.3947,0.4346
12.4,0.1127,0.6781,0.5149,0.7719,0.5791,0.6755,0.4255,0.3181,0.3718,0.4624,0.3884,0.4254
12.5,0.094,0.688,0.5012,0.7492,0.5858,0.6675,0.4034,0.313,0.3582,0.4493,0.384,0.4166
12.6,0.073,0.6975,0.4893,0.7249,0.5928,0.6589,0.3833,0.3094,0.3464,0.4358,0.3808,0.4083
12.7,0.0512,0.7059,0.478,0.6998,0.5996,0.6497,0.3654,0.3064,0.3359,0.4226,0.3785,0.4006
12.8,0.0297,0.7127,0.4665,0.6741,0.6059,0.64,0.3502,0.3043,0.3273,0.4099,0.3768,0.3933
12.9,0.0093,0.7169,0.4552,0.648,0.6117,0.6299,0.338,0.3043,0.3211,0.3978,0.3753,0.3865
13,-0.0098,0.7179,0.4449,0.6217,0.6173,0.6195,0.329,0.3071,0.3181,0.3868,0.3741,0.3805
13.1,-0.0279,0.7153,0.4364,0.595,0.6226,0.6088,0.3235,0.3129,0.3182,0.3777,0.3736,0.3757
13.2,-0.0444,0.7092,0.4297,0.5681,0.627,0.5976,0.3212,0.3211,0.3212,0.3712,0.3739,0.3725
13.3,-0.0567,0.6997,0.4246,0.5417,0.6299,0.5858,0.3214,0.3309,0.3262,0.3676,0.3753,0.3714
13.4,-0.0614,0.687,0.4209,0.5168,0.6307,0.5738,0.323,0.3423,0.3326,0.3665,0.3778,0.3721
13.5,-0.0559,0.6713,0.4185,0.4944,0.6288,0.5616,0.325,0.3548,0.3399,0.3674,0.3807,0.3741
13.6,-0.0404,0.6529,0.4172,0.4751,0.6241,0.5496,0.3272,0.3678,0.3475,0.3696,0.3835,0.3766
13.7,-0.0179,0.6327,0.417,0.4595,0.6168,0.5381,0.3295,0.3806,0.355,0.3728,0.3856,0.3792
13.8,0.0083,0.6121,0.4184,0.448,0.6076,0.5278,0.3325,0.3929,0.3627,0.3765,0.3872,0.3819
13.9,0.0361,0.5921,0.4221,0.4409,0.5969,0.5189,0.3369,0.4047,0.3708,0.3808,0.3889,0.3848
14,0.0646,0.5734,0.4281,0.4383,0.5852,0.5117,0.3433,0.416,0.3796,0.3854,0.3907,0.3881
14.1,0.0924,0.5558,0.4354,0.4393,0.5727,0.506,0.3515,0.4261,0.3888,0.3903,0.3928,0.3915
14.2,0.1176,0.5393,0.4423,0.4427,0.56,0.5013,0.3611,0.4339,0.3975,0.3952,0.3946,0.3949
14.3,0.1376,0.5244,0.4474,0.4475,0.5476,0.4975,0.3719,0.4386,0.4052,0.4,0.3956,0.3978
14.4,0.1513,0.5125,0.4495,0.4532,0.5363,0.4948,0.3833,0.4399,0.4116,0.4048,0.3955,0.4001
14.5,0.1591,0.5043,0.4486,0.4602,0.5269,0.4936,0.395,0.4379,0.4165,0.4096,0.3944,0.402
14.6,0.1618,0.4999,0.4452,0.4683,0.5196,0.494,0.4069,0.4326,0.4197,0.4147,0.3924,0.4036
14.7,0.1606,0.4989,0.4395,0.4768,0.5141,0.4954,0.419,0.424,0.4215,0.42,0.39,0.405
14.8,0.157,0.5007,0.4321,0.4846,0.5098,0.4972,0.4316,0.4122,0.4219,0.4257,0.3873,0.4065
14.9,0.1526,0.5052,0.4232,0.4916,0.5061,0.4988,0.445,0.398,0.4215,0.4315,0.3844,0.408
15,0.1482,0.5119,0.4129,0.4979,0.5025,0.5002,0.4591,0.3821,0.4206,0.4374,0.3812,0.4093
15.1,0.1433,0.5203,0.4019,0.5039,0.4993,0.5016,0.4741,0.3649,0.4195,0.4438,0.3778,0.4108
15.2,0.1371,0.529,0.3909,0.5088,0.497,0.5029,0.4896,0.3468,0.4182,0.451,0.3743,0.4126
15.3,0.1287,0.5365,0.3804,0.5116,0.4958,0.5037,0.5048,0.3277,0.4162,0.4592,0.3713,0.4153
15.4,0.1187,0.5416,0.3712,0.5114,0.4961,0.5038,0.5184,0.3082,0.4133,0.4687,0.3691,0.4189
15.5,0.1087,0.5437,0.3636,0.5083,0.4975,0.5029,0.5287,0.289,0.4088,0.4786,0.3679,0.4233
15.6,0.1001,0.5424,0.3581,0.5029,0.4995,0.5012,0.5342,0.2707,0.4024,0.4883,0.3681,0.4282
15.7,0.0938,0.5379,0.355,0.4954,0.5019,0.4987,0.534,0.2535,0.3937,0.4965,0.3694,0.433
15.8,0.0897,0.5301,0.3546,0.4862,0.5046,0.4954,0.5291,0.2377,0.3834,0.5031,0.372,0.4376
15.9,0.0876,0.5198,0.3569,0.475,0.508,0.4915,0.5212,0.2243,0.3727,0.5082,0.376,0.4421
16,0.0871,0.5072,0.3617,0.4621,0.5131,0.4876,0.5118,0.2145,0.3631,0.5117,0.3814,0.4466
16.1,0.0879,0.4929,0.3691,0.4477,0.5204,0.4841,0.5017,0.2097,0.3557,0.5131,0.3875,0.4503
16.2,0.0892,0.4768,0.3795,0.4328,0.53,0.4814,0.4909,0.2103,0.3506,0.5115,0.3938,0.4526
16.3,0.0905,0.4596,0.3932,0.4183,0.5415,0.4799,0.4796,0.2163,0.348,0.5066,0.4003,0.4534
16.4,0.0914,0.4421,0.4104,0.4055,0.5543,0.4799,0.4689,0.2272,0.3481,0.4987,0.4071,0.4529
16.5,0.0923,0.4255,0.43,0.3952,0.5678,0.4815,0.4603,0.2425,0.3514,0.4879,0.4145,0.4512
16.6,0.0941,0.411,0.4505,0.3883,0.5819,0.4851,0.4544,0.2614,0.3579,0.4738,0.4219,0.4478
16.7,0.0974,0.3989,0.4703,0.3856,0.5964,0.491,0.4512,0.2829,0.3671,0.4559,0.4283,0.4421
16.8,0.1016,0.3893,0.488,0.387,0.6108,0.4989,0.4503,0.3053,0.3778,0.434,0.4324,0.4332
16.9,0.1054,0.3824,0.5029,0.392,0.6246,0.5083,0.4517,0.3271,0.3894,0.4091,0.4339,0.4215
17,0.1067,0.3785,0.5146,0.3999,0.6383,0.5191,0.456,0.348,0.402,0.3827,0.4331,0.4079
17.1,0.1049,0.3777,0.5237,0.41,0.6523,0.5312,0.4638,0.3683,0.416,0.3562,0.4307,0.3935
17.2,0.1007,0.3807,0.5303,0.4225,0.6669,0.5447,0.4754,0.3885,0.4319,0.3309,0.4275,0.3792
17.3,0.0958,0.3874,0.5343,0.437,0.6823,0.5596,0.49,0.4083,0.4491,0.3075,0.4233,0.3654
17.4,0.091,0.3975,0.5353,0.4526,0.698,0.5753,0.5067,0.4268,0.4668,0.2869,0.4179,0.3524
17.5,0.0857,0.4105,0.5332,0.4681,0.7133,0.5907,0.5245,0.4438,0.4841,0.2692,0.4112,0.3402
17.6,0.0788,0.426,0.5284,0.4825,0.7276,0.6051,0.5429,0.4593,0.5011,0.2548,0.403,0.3289
17.7,0.0699,0.4437,0.5224,0.4958,0.7408,0.6183,0.5612,0.4743,0.5177,0.2438,0.3938,0.3188
17.8,0.0598,0.4633,0.5169,0.5087,0.7531,0.6309,0.5794,0.4892,0.5343,0.2371,0.3848,0.3109
17.9,0.0503,0.4844,0.5128,0.522,0.7645,0.6433,0.5973,0.504,0.5507,0.2352,0.377,0.3061
18,0.0433,0.5066,0.5104,0.5363,0.775,0.6556,0.6152,0.5185,0.5668,0.2383,0.3714,0.3049
18.1,0.0398,0.529,0.5097,0.5515,0.784,0.6678,0.6324,0.5325,0.5825,0.2461,0.3679,0.307
18.2,0.04,0.5506,0.5104,0.5673,0.7908,0.679,0.6484,0.5463,0.5973,0.2578,0.366,0.3119
18.3,0.0434,0.5703,0.5122,0.5828,0.795,0.6889,0.6622,0.5599,0.6111,0.2723,0.3655,0.3189
18.4,0.0487,0.5873,0.5151,0.5971,0.7966,0.6969,0.674,0.573,0.6235,0.2894,0.3662,0.3278
18.5,0.0544,0.601,0.5191,0.6094,0.7962,0.7028,0.684,0.5851,0.6346,0.3088,0.3681,0.3385
18.6,0.0598,0.6112,0.5241,0.6189,0.7937,0.7063,0.6926,0.5955,0.6441,0.3304,0.3712,0.3508
18.7,0.0653,0.6176,0.5297,0.6249,0.7891,0.707,0.7,0.6036,0.6518,0.3532,0.3753,0.3642
18.8,0.0717,0.6202,0.5353,0.6276,0.7816,0.7046,0.7057,0.6089,0.6573,0.3757,0.3802,0.378
18.9,0.0792,0.6192,0.5401,0.6274,0.7711,0.6992,0.7098,0.6111,0.6604,0.3967,0.3857,0.3912
19,0.0878,0.615,0.5435,0.6247,0.7582,0.6915,0.7121,0.6098,0.6609,0.4159,0.3916,0.4037
19.1,0.0966,0.6082,0.5449,0.6194,0.7438,0.6816,0.7128,0.6054,0.6591,0.4338,0.3978,0.4158
19.2,0.105,0.5995,0.5447,0.6115,0.7286,0.6701,0.7124,0.5988,0.6556,0.4515,0.4045,0.428
19.3,0.1135,0.5896,0.5432,0.6014,0.7129,0.6571,0.7111,0.591,0.651,0.4696,0.4117,0.4406
19.4,0.1231,0.579,0.5407,0.5899,0.6965,0.6432,0.7091,0.5828,0.6459,0.4875,0.4197,0.4536
19.5,0.1344,0.5682,0.5378,0.5782,0.679,0.6286,0.7063,0.5744,0.6404,0.5045,0.4293,0.4669
19.6,0.1471,0.5574,0.5343,0.5668,0.6605,0.6136,0.7031,0.5657,0.6344,0.5208,0.4412,0.481
19.7,0.1598,0.5473,0.5304,0.5558,0.6418,0.5988,0.6999,0.5569,0.6284,0.537,0.4564,0.4967
19.8,0.1711,0.5383,0.5261,0.5451,0.6236,0.5844,0.6969,0.5484,0.6226,0.5536,0.4753,0.5145
19.9,0.1801,0.5312,0.5214,0.5342,0.607,0.5706,0.6948,0.5404,0.6176,0.571,0.4976,0.5343
20,0.1864,0.5266,0.5167,0.5237,0.5927,0.5582,0.6939,0.5333,0.6136,0.5887,0.5226,0.5557
20.1,0.19,0.5252,0.5126,0.5139,0.5812,0.5476,0.6945,0.5271,0.6108,0.6068,0.5499,0.5783
20.2,0.1917,0.5276,0.5093,0.5054,0.5727,0.5391,0.6966,0.5219,0.6092,0.6252,0.5789,0.6021
20.3,0.1926,0.5338,0.5072,0.4984,0.5668,0.5326,0.6997,0.518,0.6089,0.6441,0.6087,0.6264
20.4,0.1938,0.5431,0.5063,0.4925,0.5626,0.5275,0.7033,0.5157,0.6095,0.6627,0.6381,0.6504
20.5,0.1958,0.5547,0.507,0.4876,0.5594,0.5235,0.7068,0.5151,0.6109,0.6802,0.666,0.6731
20.6,0.1983,0.5678,0.5093,0.4838,0.5567,0.5202,0.7098,0.5165,0.6131,0.6965,0.6914,0.694
20.7,0.2008,0.5818,0.5134,0.4809,0.5545,0.5177,0.712,0.5198,0.6159,0.7115,0.7139,0.7127
20.8,0.2036,0.5954,0.5193,0.4787,0.5521,0.5154,0.7131,0.525,0.6191,0.725,0.7331,0.729
20.9,0.2088,0.6073,0.5268,0.4773,0.5488,0.5131,0.7133,0.5323,0.6228,0.7364,0.7488,0.7426
21,0.2177,0.6167,0.5357,0.4772,0.5447,0.511,0.713,0.5418,0.6274,0.7451,0.7605,0.7528
21.1,0.2295,0.6236,0.5458,0.4785,0.5407,0.5096,0.7125,0.5531,0.6328,0.7505,0.7678,0.7591
21.2,0.2421,0.6286,0.5565,0.481,0.5374,0.5092,0.7119,0.5659,0.6389,0.7526,0.7706,0.7616
21.3,0.2525,0.6315,0.567,0.4837,0.5348,0.5093,0.7112,0.5791,0.6452,0.7516,0.7687,0.7601
21.4,0.2586,0.6321,0.5763,0.4853,0.5318,0.5085,0.71,0.5918,0.6509,0.7475,0.7619,0.7547
21.5,0.2592,0.6299,0.5842,0.4846,0.527,0.5058,0.708,0.6034,0.6557,0.7401,0.7505,0.7453
21.6,0.2556,0.6245,0.591,0.4812,0.5201,0.5007,0.7052,0.6138,0.6595,0.7301,0.7357,0.7329
21.7,0.2493,0.6166,0.5972,0.4756,0.5122,0.4939,0.702,0.6229,0.6625,0.7182,0.7186,0.7184
21.8,0.2417,0.6073,0.6026,0.4686,0.5038,0.4862,0.698,0.6304,0.6642,0.7055,0.6998,0.7027
21.9,0.2339,0.5975,0.6064,0.4608,0.4951,0.478,0.6928,0.6354,0.6641,0.6924,0.6793,0.6859
22,0.2277,0.587,0.6079,0.452,0.4855,0.4688,0.6852,0.6367,0.661,0.6783,0.6567,0.6675
22.1,0.2251,0.5756,0.6068,0.4427,0.474,0.4584,0.6748,0.634,0.6544,0.6628,0.6315,0.6472
22.2,0.2271,0.5634,0.6039,0.4336,0.4612,0.4474,0.6614,0.6274,0.6444,0.6457,0.6043,0.625
22.3,0.234,0.5507,0.6003,0.4253,0.4483,0.4368,0.6456,0.6177,0.6316,0.6277,0.5762,0.602
22.4,0.245,0.5379,0.5973,0.418,0.4369,0.4275,0.6279,0.6057,0.6168,0.6103,0.5483,0.5793
22.5,0.2594,0.525,0.5955,0.4113,0.4277,0.4195,0.6086,0.592,0.6003,0.5942,0.5219,0.5581
22.6,0.2762,0.5121,0.5957,0.4049,0.4206,0.4127,0.5879,0.5773,0.5826,0.5795,0.498,0.5388
22.7,0.2941,0.4992,0.5976,0.3988,0.4157,0.4073,0.5663,0.562,0.5641,0.5658,0.478,0.5219
22.8,0.3111,0.4867,0.6006,0.3938,0.4133,0.4035,0.544,0.5462,0.5451,0.5532,0.4628,0.508
22.9,0.3253,0.4749,0.6037,0.3901,0.4136,0.4018,0.5217,0.5299,0.5258,0.5425,0.4529,0.4977
23,0.3347,0.4641,0.6061,0.3875,0.4164,0.402,0.5003,0.5131,0.5067,0.5345,0.448,0.4913
23.1,0.3384,0.4542,0.6077,0.3856,0.421,0.4033,0.4809,0.496,0.4885,0.5301,0.4479,0.489
23.2,0.3364,0.445,0.6088,0.3837,0.4267,0.4052,0.4646,0.4794,0.472,0.5296,0.4521,0.4909
23.3,0.3298,0.4366,0.6096,0.3817,0.4336,0.4076,0.4517,0.4641,0.4579,0.5331,0.4604,0.4967
23.4,0.3197,0.4293,0.6096,0.3798,0.442,0.4109,0.442,0.4504,0.4462,0.5403,0.4722,0.5063
23.5,0.307,0.4232,0.608,0.3782,0.4519,0.4151,0.4347,0.438,0.4363,0.5508,0.4862,0.5185
23.6,0.2918,0.4183,0.6039,0.3769,0.4626,0.4198,0.429,0.4262,0.4276,0.5635,0.5006,0.532
23.7,0.2742,0.4147,0.5973,0.3758,0.4731,0.4244,0.4251,0.4153,0.4202,0.5772,0.5142,0.5457
23.8,0.2545,0.4126,0.5885,0.375,0.4831,0.429,0.4238,0.4055,0.4146,0.5913,0.5267,0.559
23.9,0.233,0.4126,0.5782,0.3752,0.4927,0.4339,0.4257,0.3975,0.4116,0.606,0.5387,0.5723
24,0.2107,0.4149,0.5669,0.3763,0.5026,0.4394,0.4309,0.3915,0.4112,0.6219,0.5508,0.5864
24.1,0.1885,0.4195,0.5548,0.378,0.5128,0.4454,0.4387,0.3871,0.4129,0.6392,0.5631,0.6012
24.2,0.1674,0.426,0.5421,0.3797,0.5227,0.4512,0.4489,0.3838,0.4163,0.6575,0.5753,0.6164
24.3,0.1483,0.4341,0.5289,0.3812,0.5321,0.4566,0.4616,0.3812,0.4214,0.6763,0.587,0.6316
24.4,0.1307,0.4437,0.5156,0.3825,0.5412,0.4618,0.4767,0.3791,0.4279,0.6958,0.5982,0.647
24.5,0.1139,0.4548,0.5024,0.3837,0.5499,0.4668,0.4934,0.3768,0.4351,0.7164,0.6091,0.6627
24.6,0.0976,0.4668,0.49,0.3847,0.5579,0.4713,0.5105,0.3736,0.442,0.7383,0.6199,0.6791
24.7,0.0831,0.4787,0.4791,0.3855,0.5646,0.475,0.5268,0.3695,0.4482,0.7609,0.6305,0.6957
24.8,0.0717,0.4903,0.4701,0.3866,0.5697,0.4782,0.5421,0.3648,0.4535,0.7831,0.6407,0.7119
24.9,0.0645,0.5013,0.4635,0.389,0.5741,0.4816,0.5569,0.3604,0.4587,0.804,0.6499,0.727
25,0.0612,0.5123,0.4596,0.3939,0.579,0.4865,0.5717,0.3573,0.4645,0.8225,0.6575,0.74
25.1,0.0602,0.5236,0.4586,0.4019,0.5854,0.4937,0.5863,0.3556,0.471,0.8377,0.6624,0.75
25.2,0.0592,0.5351,0.4602,0.413,0.5933,0.5031,0.6001,0.3554,0.4778,0.8485,0.664,0.7563
25.3,0.0571,0.5467,0.4644,0.4268,0.6021,0.5144,0.613,0.3564,0.4847,0.8546,0.6619,0.7582
25.4,0.0539,0.5579,0.4713,0.443,0.6114,0.5272,0.6249,0.359,0.492,0.8558,0.6564,0.7561
25.5,0.0502,0.5685,0.4806,0.4613,0.6207,0.541,0.6364,0.3637,0.5,0.853,0.6482,0.7506
25.6,0.0461,0.5781,0.4922,0.4814,0.6299,0.5556,0.6475,0.3709,0.5092,0.8468,0.638,0.7424
25.7,0.0417,0.5865,0.505,0.5022,0.6388,0.5705,0.6584,0.3806,0.5195,0.8376,0.6261,0.7319
25.8,0.0366,0.594,0.518,0.5233,0.6475,0.5854,0.6689,0.3931,0.531,0.8254,0.6127,0.7191
25.9,0.0305,0.6009,0.5301,0.5448,0.656,0.6004,0.679,0.4087,0.5438,0.8097,0.5976,0.7036
26,0.0226,0.6081,0.5403,0.5672,0.6646,0.6159,0.689,0.4279,0.5585,0.7902,0.5805,0.6853
26.1,0.0122,0.6164,0.5481,0.5909,0.6732,0.632,0.6992,0.4507,0.575,0.7671,0.5618,0.6645
26.2,-0.0008,0.6262,0.5537,0.6156,0.6816,0.6486,0.7098,0.4766,0.5932,0.7413,0.5424,0.6419
26.3,-0.015,0.6378,0.557,0.6407,0.6895,0.6651,0.7209,0.5043,0.6126,0.7138,0.5231,0.6184
26.4,-0.0282,0.6515,0.5577,0.6654,0.6969,0.6812,0.7325,0.5326,0.6326,0.6852,0.5045,0.5949
26.5,-0.0387,0.6676,0.5547,0.69,0.7043,0.6972,0.7438,0.5601,0.652,0.656,0.4872,0.5716
26.6,-0.0453,0.6862,0.547,0.715,0.712,0.7135,0.7538,0.5853,0.6696,0.6266,0.4715,0.549
26.7,-0.0472,0.7071,0.5344,0.7404,0.7199,0.7301,0.7613,0.6073,0.6843,0.5969,0.4577,0.5273
26.8,-0.0435,0.7293,0.518,0.7658,0.7269,0.7464,0.7659,0.6252,0.6955,0.5673,0.4467,0.507
26.9,-0.0342,0.752,0.4991,0.7909,0.732,0.7614,0.7675,0.6388,0.7031,0.5379,0.4387,0.4883
27,-0.0202,0.7748,0.4788,0.8156,0.7343,0.7749,0.7668,0.6481,0.7075,0.5092,0.4341,0.4716
27.1,-0.003,0.7972,0.4579,0.8395,0.7337,0.7866,0.7646,0.6538,0.7092,0.4821,0.4331,0.4576
27.2,0.0154,0.8188,0.4372,0.8621,0.7303,0.7962,0.7613,0.6566,0.7089,0.4578,0.436,0.4469
27.3,0.0338,0.8379,0.4177,0.8822,0.7245,0.8033,0.7574,0.6571,0.7073,0.4372,0.4432,0.4402
27.4,0.0517,0.8533,0.4001,0.8988,0.7169,0.8078,0.7533,0.6563,0.7048,0.4209,0.4546,0.4378
27.5,0.0681,0.8641,0.3846,0.9112,0.7085,0.8099,0.7496,0.6544,0.702,0.4087,0.4693,0.439
27.6,0.0813,0.8703,0.3704,0.9197,0.7002,0.8099,0.746,0.6513,0.6986,0.3998,0.4859,0.4428
27.7,0.0895,0.8728,0.3576,0.9244,0.6927,0.8085,0.7421,0.6468,0.6944,0.3939,0.5032,0.4486
27.8,0.0906,0.8725,0.3471,0.9256,0.6871,0.8063,0.7369,0.6413,0.6891,0.3904,0.5205,0.4555
27.9,0.0834,0.8701,0.3407,0.9231,0.6843,0.8037,0.7303,0.6353,0.6828,0.3887,0.5374,0.463
28,0.0683,0.8665,0.34,0.917,0.6849,0.8009,0.7231,0.6303,0.6767,0.3877,0.553,0.4703
28.1,0.046,0.8621,0.3456,0.9079,0.6887,0.7983,0.7163,0.6271,0.6717,0.3866,0.5661,0.4764
28.2,0.0175,0.8571,0.3569,0.8961,0.6949,0.7955,0.7107,0.626,0.6683,0.3848,0.5757,0.4802
28.3,-0.0155,0.8514,0.3732,0.8819,0.7025,0.7922,0.7065,0.6263,0.6664,0.382,0.5813,0.4816
28.4,-0.0507,0.8448,0.3936,0.8653,0.7104,0.7878,0.7034,0.6274,0.6654,0.3789,0.583,0.4809
28.5,-0.0852,0.8376,0.4171,0.8463,0.7177,0.782,0.7012,0.6286,0.6649,0.3761,0.5812,0.4787
28.6,-0.1163,0.8304,0.442,0.8253,0.7244,0.7749,0.7001,0.6297,0.6649,0.3749,0.5767,0.4758
28.7,-0.1422,0.8239,0.4664,0.8034,0.7309,0.7671,0.7006,0.6308,0.6657,0.3761,0.5703,0.4732
28.8,-0.1629,0.8184,0.4893,0.7818,0.7381,0.7599,0.7031,0.6324,0.6677,0.3804,0.5632,0.4718
28.9,-0.1788,0.8143,0.5105,0.7619,0.7473,0.7546,0.7078,0.6346,0.6712,0.3885,0.5565,0.4725
29,-0.1899,0.8119,0.5303,0.7446,0.7594,0.752,0.7147,0.6378,0.6763,0.4004,0.5513,0.4759
29.1,-0.1953,0.8118,0.549,0.7305,0.7743,0.7524,0.7239,0.6424,0.6832,0.4162,0.5488,0.4825
29.2,-0.1939,0.8138,0.5663,0.719,0.7907,0.7549,0.7354,0.6482,0.6918,0.4353,0.5497,0.4925
29.3,-0.1853,0.8177,0.5822,0.7097,0.8069,0.7583,0.7489,0.6549,0.7019,0.4567,0.5547,0.5057
29.4,-0.1689,0.8228,0.5966,0.7024,0.8214,0.7619,0.7638,0.6615,0.7126,0.4799,0.5644,0.5222
29.5,-0.1438,0.8284,0.6099,0.6971,0.8336,0.7653,0.7794,0.667,0.7232,0.5045,0.5792,0.5419
29.6,-0.1091,0.8333,0.6224,0.694,0.8433,0.7686,0.7949,0.6708,0.7328,0.5306,0.5993,0.565
29.7,-0.0652,0.836,0.6342,0.693,0.8501,0.7715,0.809,0.6724,0.7407,0.5578,0.6243,0.5911
29.8,-0.0129,0.8349,0.6453,0.6936,0.8523,0.773,0.8209,0.6719,0.7464,0.5855,0.6531,0.6193
29.9,0.0461,0.8284,0.6557,0.6954,0.8474,0.7714,0.8296,0.6693,0.7495,0.6128,0.6845,0.6486
