Time,Aldi - You Cant Overcook Christmas 60 TVC.mp4,Aldi - You Cant Overcook Christmas 60 TVC.mp4,Aldi - You Cant Overcook Christmas 60 TVC.mp4,Aldi - You Cant Overcook Christmas 60 TVC.mp4,Aldi - You Cant Overcook Christmas 60 TVC.mp4,Aldi - You Cant Overcook Christmas 60 TVC.mp4,Aldi - You Cant Overcook Christmas 60 TVC.mp4,Aldi - You Cant Overcook Christmas 60 TVC.mp4,Aldi - You Cant Overcook Christmas 60 TVC.mp4,Aldi - You Cant Overcook Christmas 60 TVC.mp4,Aldi - You Cant Overcook Christmas 60 TVC.mp4,Aldi - You Cant Overcook Christmas 60 TVC.mp4
,Approach / Withdraw,Engagement,Emotional Intensity,Memory Encoding - Detail,Memory Encoding - Global,Memory Encoding - Composite,General Attention - Detail,General Attention - Global,General Attention - Composite,Visual Attention - Detail,Visual Attention - Global,Visual Attention - Composite
0,0.5471,0.5586,0.6205,0.4998,0.5566,0.5282,0.9732,0.747,0.8601,0.5955,0.5809,0.5882
0.1,0.5508,0.5427,0.6344,0.4776,0.5524,0.515,0.9401,0.7445,0.8423,0.6155,0.5776,0.5965
0.2,0.5444,0.5269,0.6491,0.4533,0.5475,0.5004,0.9069,0.7395,0.8232,0.6343,0.5724,0.6034
0.3,0.5292,0.5127,0.6639,0.4292,0.5421,0.4856,0.8736,0.7316,0.8026,0.6512,0.5654,0.6083
0.4,0.5065,0.5013,0.6782,0.4072,0.5368,0.472,0.84,0.7205,0.7802,0.6654,0.5563,0.6108
0.5,0.4798,0.4937,0.6916,0.389,0.5317,0.4603,0.8061,0.7063,0.7562,0.6765,0.5456,0.611
0.6,0.4526,0.4907,0.7042,0.3757,0.5273,0.4515,0.7724,0.6896,0.731,0.6849,0.5338,0.6093
0.7,0.4276,0.4927,0.7166,0.3682,0.5247,0.4465,0.7396,0.6712,0.7054,0.6913,0.5214,0.6064
0.8,0.4067,0.5005,0.7287,0.3677,0.525,0.4464,0.7083,0.6511,0.6797,0.6957,0.5089,0.6023
0.9,0.3908,0.5138,0.7394,0.3754,0.5284,0.4519,0.679,0.629,0.654,0.6976,0.4964,0.597
1,0.3799,0.5319,0.7473,0.3911,0.534,0.4625,0.651,0.6047,0.6279,0.6961,0.484,0.5901
1.1,0.373,0.5529,0.7515,0.4133,0.5398,0.4766,0.6241,0.5787,0.6014,0.6915,0.4722,0.5818
1.2,0.3691,0.5756,0.7521,0.4402,0.5441,0.4921,0.5985,0.5522,0.5753,0.6845,0.462,0.5732
1.3,0.3672,0.5992,0.7499,0.4706,0.5468,0.5087,0.5753,0.5266,0.5509,0.6766,0.454,0.5653
1.4,0.3663,0.623,0.7451,0.5044,0.5487,0.5266,0.5559,0.5035,0.5297,0.6685,0.4489,0.5587
1.5,0.3654,0.6461,0.7376,0.542,0.5509,0.5464,0.5417,0.4838,0.5128,0.6605,0.447,0.5537
1.6,0.3636,0.6671,0.7267,0.5817,0.5532,0.5675,0.5329,0.4681,0.5005,0.6519,0.4479,0.5499
1.7,0.3597,0.6848,0.7122,0.6207,0.555,0.5879,0.5286,0.4564,0.4925,0.6421,0.4514,0.5468
1.8,0.3518,0.699,0.6944,0.6558,0.5554,0.6056,0.5275,0.4488,0.4882,0.6309,0.4567,0.5438
1.9,0.3383,0.7098,0.6746,0.6851,0.5538,0.6195,0.5297,0.4456,0.4876,0.6184,0.4638,0.5411
2,0.3176,0.7178,0.6539,0.7086,0.5507,0.6296,0.535,0.4466,0.4908,0.6055,0.4727,0.5391
2.1,0.289,0.7237,0.6332,0.7272,0.5468,0.637,0.543,0.4513,0.4972,0.5935,0.4835,0.5385
2.2,0.2523,0.7272,0.6129,0.7412,0.5427,0.642,0.5523,0.4585,0.5054,0.5829,0.4956,0.5392
2.3,0.2081,0.7275,0.5934,0.75,0.5386,0.6443,0.5614,0.4667,0.5141,0.5737,0.5077,0.5407
2.4,0.1584,0.7232,0.575,0.7527,0.5339,0.6433,0.569,0.4748,0.5219,0.5655,0.5188,0.5421
2.5,0.107,0.7136,0.5577,0.7495,0.5282,0.6389,0.5749,0.4823,0.5286,0.5582,0.5287,0.5435
2.6,0.0584,0.699,0.5419,0.7415,0.5218,0.6316,0.5795,0.4896,0.5345,0.5523,0.5378,0.545
2.7,0.0158,0.6805,0.5276,0.7299,0.5148,0.6224,0.5831,0.4969,0.54,0.5483,0.5469,0.5476
2.8,-0.0186,0.6595,0.5145,0.7159,0.5075,0.6117,0.5852,0.5041,0.5447,0.5461,0.5561,0.5511
2.9,-0.0444,0.6372,0.5021,0.7004,0.4997,0.6,0.5857,0.5106,0.5481,0.5454,0.5652,0.5553
3,-0.0621,0.6146,0.4895,0.6842,0.4908,0.5875,0.5841,0.5155,0.5498,0.5457,0.5738,0.5598
3.1,-0.0728,0.5921,0.4761,0.6681,0.4806,0.5743,0.5806,0.5183,0.5495,0.5466,0.5815,0.564
3.2,-0.0778,0.5698,0.4616,0.6524,0.4687,0.5606,0.5756,0.5192,0.5474,0.5475,0.5879,0.5677
3.3,-0.0787,0.5478,0.4462,0.6367,0.4553,0.546,0.57,0.5187,0.5443,0.5477,0.5932,0.5704
3.4,-0.0772,0.5262,0.43,0.6205,0.4409,0.5307,0.5643,0.5175,0.5409,0.5468,0.5974,0.5721
3.5,-0.0746,0.5052,0.413,0.6035,0.4263,0.5149,0.5586,0.5161,0.5374,0.5446,0.601,0.5728
3.6,-0.0717,0.4848,0.3952,0.586,0.412,0.499,0.5528,0.5144,0.5336,0.5418,0.6042,0.573
3.7,-0.0682,0.4655,0.3769,0.569,0.3983,0.4837,0.5469,0.5124,0.5296,0.5391,0.6074,0.5732
3.8,-0.0634,0.4474,0.3584,0.5532,0.3852,0.4692,0.5406,0.5101,0.5254,0.537,0.6103,0.5737
3.9,-0.0567,0.4303,0.34,0.5388,0.3725,0.4556,0.534,0.5074,0.5207,0.5347,0.6128,0.5738
4,-0.048,0.4139,0.3222,0.5256,0.36,0.4428,0.5271,0.5046,0.5159,0.5315,0.6148,0.5732
4.1,-0.0382,0.3979,0.3053,0.5138,0.3475,0.4307,0.5204,0.5019,0.5112,0.5273,0.6167,0.572
4.2,-0.0282,0.3826,0.2901,0.5039,0.3348,0.4194,0.5149,0.4999,0.5074,0.5228,0.619,0.5709
4.3,-0.0185,0.3689,0.2773,0.4964,0.3219,0.4091,0.5113,0.4992,0.5053,0.5191,0.6227,0.5709
4.4,-0.0087,0.358,0.2677,0.4919,0.3091,0.4005,0.5102,0.5008,0.5055,0.5173,0.6285,0.5729
4.5,0.0021,0.3515,0.2623,0.4914,0.2982,0.3948,0.5117,0.5053,0.5085,0.5178,0.637,0.5774
4.6,0.0144,0.3507,0.2617,0.4961,0.2911,0.3936,0.5164,0.5134,0.5149,0.5202,0.6482,0.5842
4.7,0.0284,0.3565,0.2664,0.5069,0.2895,0.3982,0.5248,0.5257,0.5253,0.5246,0.6624,0.5935
4.8,0.0433,0.369,0.2768,0.5239,0.2942,0.4091,0.5368,0.5425,0.5397,0.5309,0.6794,0.6052
4.9,0.0582,0.388,0.293,0.5468,0.3055,0.4261,0.5516,0.5639,0.5578,0.5394,0.6993,0.6194
5,0.0722,0.4141,0.3154,0.5746,0.324,0.4493,0.5679,0.5892,0.5786,0.5503,0.7221,0.6362
5.1,0.084,0.4482,0.3433,0.6073,0.3505,0.4789,0.5852,0.618,0.6016,0.5638,0.7474,0.6556
5.2,0.0921,0.4906,0.3761,0.6446,0.3859,0.5153,0.6033,0.6496,0.6265,0.5796,0.7748,0.6772
5.3,0.0943,0.5398,0.4125,0.6854,0.4296,0.5575,0.622,0.6829,0.6525,0.5972,0.8033,0.7002
5.4,0.0895,0.5926,0.451,0.7279,0.4802,0.604,0.6403,0.7162,0.6782,0.6155,0.8317,0.7236
5.5,0.0776,0.6454,0.49,0.7698,0.5356,0.6527,0.6573,0.7473,0.7023,0.6337,0.8589,0.7463
5.6,0.0584,0.6954,0.5283,0.8096,0.5941,0.7019,0.6727,0.7747,0.7237,0.6508,0.8838,0.7673
5.7,0.0329,0.7411,0.5646,0.8465,0.6532,0.7498,0.6867,0.7973,0.742,0.6661,0.9058,0.7859
5.8,0.0028,0.7818,0.5982,0.88,0.7099,0.795,0.6998,0.8148,0.7573,0.679,0.9237,0.8013
5.9,-0.0298,0.8175,0.6279,0.9098,0.761,0.8354,0.7114,0.8268,0.7691,0.6888,0.9369,0.8129
6,-0.0632,0.8482,0.6529,0.9353,0.8044,0.8699,0.7207,0.8331,0.7769,0.6952,0.9449,0.8201
6.1,-0.0967,0.8741,0.6719,0.9565,0.8394,0.898,0.7267,0.833,0.7799,0.6979,0.9475,0.8227
6.2,-0.1296,0.8951,0.6844,0.9736,0.8659,0.9197,0.7298,0.8269,0.7784,0.6973,0.9445,0.8209
6.3,-0.161,0.9105,0.6902,0.9864,0.8835,0.935,0.7306,0.8153,0.773,0.6938,0.9359,0.8149
6.4,-0.1902,0.9197,0.6895,0.9949,0.8915,0.9432,0.7299,0.7992,0.7646,0.6875,0.9217,0.8046
6.5,-0.2169,0.922,0.6826,0.9988,0.8899,0.9444,0.7279,0.7789,0.7534,0.6785,0.9022,0.7904
6.6,-0.2413,0.9173,0.6706,0.9979,0.8793,0.9386,0.7247,0.755,0.7399,0.6672,0.8781,0.7726
6.7,-0.2631,0.9067,0.6551,0.9925,0.8605,0.9265,0.7208,0.7285,0.7246,0.6542,0.8508,0.7525
6.8,-0.2805,0.891,0.6371,0.9833,0.8338,0.9085,0.7165,0.6999,0.7082,0.6404,0.8213,0.7308
6.9,-0.2917,0.8713,0.6178,0.9713,0.7986,0.8849,0.7118,0.6696,0.6907,0.6259,0.7903,0.7081
7,-0.2956,0.8479,0.5979,0.9572,0.7542,0.8557,0.7062,0.6375,0.6719,0.6109,0.7585,0.6847
7.1,-0.2922,0.8211,0.5785,0.9413,0.7016,0.8214,0.6995,0.6043,0.6519,0.5954,0.7267,0.661
7.2,-0.282,0.7912,0.5608,0.9238,0.643,0.7834,0.6918,0.5708,0.6313,0.5798,0.6963,0.638
7.3,-0.2658,0.7585,0.5459,0.9041,0.5818,0.7429,0.6836,0.5385,0.6111,0.565,0.6687,0.6168
7.4,-0.2433,0.7235,0.5344,0.8823,0.5211,0.7017,0.6757,0.509,0.5924,0.5521,0.6454,0.5987
7.5,-0.2138,0.6874,0.5269,0.8591,0.4639,0.6615,0.6685,0.4838,0.5762,0.5426,0.6272,0.5849
7.6,-0.178,0.6516,0.5233,0.8357,0.4122,0.6239,0.662,0.4637,0.5628,0.5372,0.6143,0.5757
7.7,-0.1375,0.6174,0.5235,0.8131,0.3679,0.5905,0.656,0.4492,0.5526,0.5364,0.6064,0.5714
7.8,-0.0941,0.586,0.5274,0.7919,0.3323,0.5621,0.6508,0.4408,0.5458,0.5399,0.6031,0.5715
7.9,-0.0498,0.5576,0.5345,0.772,0.3057,0.5388,0.6465,0.4383,0.5424,0.5469,0.6036,0.5753
8,-0.0067,0.5322,0.5448,0.7531,0.2878,0.5204,0.6432,0.4414,0.5423,0.5569,0.6074,0.5821
8.1,0.0331,0.5099,0.558,0.7353,0.2779,0.5066,0.6406,0.4494,0.545,0.5691,0.6137,0.5914
8.2,0.0674,0.4917,0.5742,0.7192,0.2758,0.4975,0.6384,0.4616,0.55,0.5828,0.6219,0.6024
8.3,0.095,0.4786,0.5929,0.7057,0.2815,0.4936,0.6364,0.477,0.5567,0.5975,0.6314,0.6145
8.4,0.1158,0.4716,0.6136,0.6952,0.2943,0.4948,0.6346,0.4944,0.5645,0.6127,0.6413,0.627
8.5,0.1305,0.4701,0.6356,0.6875,0.3129,0.5002,0.6336,0.5127,0.5731,0.6278,0.651,0.6394
8.6,0.1399,0.4733,0.6581,0.6822,0.3356,0.5089,0.6339,0.5308,0.5824,0.6423,0.6598,0.6511
8.7,0.1442,0.4804,0.6804,0.6791,0.361,0.5201,0.6358,0.5476,0.5917,0.656,0.6675,0.6617
8.8,0.1432,0.4914,0.7021,0.6787,0.3891,0.5339,0.6396,0.5623,0.601,0.6686,0.674,0.6713
8.9,0.1364,0.5067,0.7228,0.6815,0.4204,0.5509,0.6452,0.5748,0.61,0.6802,0.6791,0.6797
9,0.1228,0.5267,0.7422,0.6876,0.4556,0.5716,0.6525,0.5853,0.6189,0.6905,0.6829,0.6867
9.1,0.1022,0.5509,0.7597,0.6966,0.4944,0.5955,0.661,0.594,0.6275,0.6993,0.6853,0.6923
9.2,0.0754,0.5781,0.775,0.7079,0.5364,0.6221,0.6702,0.6014,0.6358,0.7064,0.6866,0.6965
9.3,0.0446,0.6069,0.7878,0.7212,0.5805,0.6508,0.6797,0.6083,0.644,0.7115,0.6873,0.6994
9.4,0.0117,0.636,0.7984,0.7365,0.6255,0.681,0.6898,0.6151,0.6524,0.7148,0.6876,0.7012
9.5,-0.0216,0.6644,0.8066,0.7538,0.6697,0.7117,0.7005,0.6217,0.6611,0.7167,0.6874,0.7021
9.6,-0.054,0.6906,0.8125,0.7721,0.7108,0.7414,0.7126,0.6286,0.6706,0.7171,0.6869,0.702
9.7,-0.0844,0.7132,0.8159,0.7905,0.7466,0.7685,0.7261,0.6358,0.681,0.716,0.686,0.701
9.8,-0.112,0.7312,0.8166,0.808,0.7754,0.7917,0.7403,0.6431,0.6917,0.7134,0.6849,0.6991
9.9,-0.1365,0.7444,0.8147,0.8239,0.7965,0.8102,0.7541,0.6498,0.7019,0.7099,0.6839,0.6969
10,-0.1568,0.7533,0.8102,0.8378,0.8097,0.8237,0.7662,0.6553,0.7108,0.7061,0.6834,0.6947
10.1,-0.1711,0.7583,0.8035,0.8493,0.8152,0.8323,0.7756,0.659,0.7173,0.7022,0.6831,0.6926
10.2,-0.1783,0.7593,0.7939,0.8578,0.8136,0.8357,0.7814,0.6601,0.7208,0.6979,0.6829,0.6904
10.3,-0.1788,0.7564,0.7809,0.8629,0.8059,0.8344,0.7828,0.6584,0.7206,0.6932,0.6826,0.6879
10.4,-0.174,0.7495,0.7649,0.8645,0.7935,0.829,0.7799,0.6542,0.7171,0.6885,0.6827,0.6856
10.5,-0.1642,0.7398,0.7466,0.863,0.7785,0.8208,0.7734,0.6484,0.7109,0.6843,0.6835,0.6839
10.6,-0.1492,0.7283,0.727,0.8593,0.7623,0.8108,0.7636,0.6421,0.7028,0.6811,0.6852,0.6831
10.7,-0.129,0.7156,0.7068,0.8535,0.7458,0.7997,0.7508,0.6355,0.6931,0.6788,0.6874,0.6831
10.8,-0.1036,0.7021,0.6863,0.8458,0.7293,0.7876,0.7352,0.6284,0.6818,0.6778,0.6897,0.6837
10.9,-0.0735,0.6879,0.6655,0.8362,0.7129,0.7746,0.7171,0.6202,0.6687,0.6782,0.6917,0.6849
11,-0.0399,0.6737,0.6451,0.8248,0.6966,0.7607,0.6974,0.6107,0.654,0.6802,0.6933,0.6867
11.1,-0.0051,0.6601,0.6261,0.8114,0.6812,0.7463,0.6765,0.5995,0.638,0.6836,0.6943,0.689
11.2,0.0289,0.6482,0.6096,0.7963,0.6673,0.7318,0.6551,0.5869,0.621,0.6879,0.6948,0.6914
11.3,0.0605,0.6381,0.5965,0.7803,0.6555,0.7179,0.6343,0.573,0.6036,0.6924,0.6947,0.6935
11.4,0.0893,0.6302,0.5875,0.764,0.6461,0.705,0.6149,0.5583,0.5866,0.6966,0.6942,0.6954
11.5,0.1157,0.6244,0.5827,0.7484,0.6392,0.6938,0.598,0.5435,0.5708,0.7004,0.6936,0.697
11.6,0.1397,0.6209,0.5823,0.7337,0.6348,0.6842,0.5845,0.5294,0.5569,0.7042,0.6932,0.6987
11.7,0.1607,0.6195,0.5866,0.7194,0.6324,0.6759,0.5746,0.5167,0.5457,0.7087,0.6934,0.701
11.8,0.1772,0.6197,0.5956,0.7047,0.6319,0.6683,0.5688,0.506,0.5374,0.7144,0.6948,0.7046
11.9,0.188,0.6212,0.6088,0.6894,0.6334,0.6614,0.5674,0.4976,0.5325,0.7222,0.6981,0.7102
12,0.193,0.624,0.6253,0.6737,0.637,0.6554,0.5701,0.4912,0.5306,0.7327,0.7041,0.7184
12.1,0.1928,0.6284,0.644,0.6585,0.6425,0.6505,0.5764,0.4865,0.5315,0.7458,0.7133,0.7296
12.2,0.1888,0.6341,0.6651,0.6439,0.649,0.6465,0.5855,0.4835,0.5345,0.7616,0.7265,0.744
12.3,0.1822,0.6406,0.6888,0.6299,0.6552,0.6426,0.5968,0.4824,0.5396,0.78,0.7437,0.7619
12.4,0.1738,0.6472,0.7153,0.6158,0.6599,0.6378,0.6099,0.4832,0.5466,0.8006,0.765,0.7828
12.5,0.1644,0.6536,0.7445,0.6011,0.6624,0.6318,0.6247,0.4859,0.5553,0.823,0.79,0.8065
12.6,0.1544,0.6599,0.7761,0.5861,0.6625,0.6243,0.6404,0.4899,0.5652,0.8464,0.8178,0.8321
12.7,0.1445,0.6662,0.809,0.5709,0.6597,0.6153,0.6564,0.4947,0.5756,0.87,0.8475,0.8588
12.8,0.1342,0.6721,0.8415,0.5551,0.6533,0.6042,0.6712,0.4993,0.5852,0.8934,0.878,0.8857
12.9,0.1237,0.6773,0.8716,0.5381,0.6428,0.5904,0.6837,0.5027,0.5932,0.9159,0.908,0.9119
13,0.1136,0.681,0.8982,0.5194,0.6286,0.574,0.6936,0.5046,0.5991,0.9366,0.9362,0.9364
13.1,0.1048,0.6832,0.9208,0.4993,0.6115,0.5554,0.7008,0.5049,0.6028,0.955,0.962,0.9585
13.2,0.0981,0.6839,0.9395,0.4787,0.5926,0.5357,0.7052,0.5033,0.6042,0.9709,0.9849,0.9779
13.3,0.0928,0.6836,0.9547,0.4581,0.5733,0.5157,0.7067,0.4998,0.6033,0.9841,1.0046,0.9943
13.4,0.0887,0.6825,0.9665,0.4382,0.555,0.4966,0.7059,0.4949,0.6004,0.9943,1.021,1.0076
13.5,0.0854,0.6809,0.9753,0.419,0.5389,0.479,0.7036,0.4897,0.5966,1.0007,1.0339,1.0173
13.6,0.082,0.6788,0.9819,0.4004,0.526,0.4632,0.7005,0.4856,0.5931,1.0027,1.0434,1.0231
13.7,0.0774,0.6759,0.9872,0.3817,0.5161,0.4489,0.6973,0.4837,0.5905,0.9998,1.0496,1.0247
13.8,0.0707,0.6711,0.9919,0.3618,0.5085,0.4351,0.6939,0.4846,0.5892,0.9919,1.0525,1.0222
13.9,0.0614,0.6633,0.9958,0.3402,0.5024,0.4213,0.6903,0.4878,0.5891,0.9795,1.0518,1.0156
14,0.0492,0.6517,0.9986,0.3166,0.4973,0.4069,0.6868,0.493,0.5899,0.9633,1.0478,1.0055
14.1,0.0346,0.6358,1,0.2919,0.4931,0.3925,0.684,0.4996,0.5918,0.9444,1.0408,0.9926
14.2,0.0194,0.6164,1.0001,0.2677,0.4897,0.3787,0.6829,0.5079,0.5954,0.9237,1.0313,0.9775
14.3,0.0057,0.5945,0.9992,0.246,0.4867,0.3664,0.6838,0.5184,0.6011,0.9018,1.0196,0.9607
14.4,-0.0047,0.5712,0.9975,0.229,0.4842,0.3566,0.6868,0.5321,0.6094,0.8788,1.0058,0.9423
14.5,-0.011,0.5474,0.9946,0.218,0.482,0.35,0.6917,0.5485,0.6201,0.855,0.9906,0.9228
14.6,-0.0117,0.5235,0.9902,0.2135,0.48,0.3467,0.6979,0.5671,0.6325,0.8309,0.9748,0.9029
14.7,-0.0048,0.5,0.9839,0.2151,0.4777,0.3464,0.705,0.5865,0.6457,0.8072,0.9592,0.8832
14.8,0.0094,0.4775,0.9756,0.2215,0.4747,0.3481,0.7121,0.6058,0.659,0.7846,0.9444,0.8645
14.9,0.0289,0.4567,0.9651,0.2316,0.4704,0.351,0.7185,0.6239,0.6712,0.7638,0.9307,0.8472
15,0.0502,0.4386,0.9525,0.2446,0.465,0.3548,0.7229,0.6402,0.6816,0.7451,0.918,0.8315
15.1,0.0718,0.4242,0.9377,0.2604,0.4587,0.3595,0.725,0.6537,0.6894,0.7284,0.9065,0.8175
15.2,0.0943,0.414,0.9204,0.2787,0.4517,0.3652,0.7247,0.6636,0.6941,0.7139,0.8961,0.805
15.3,0.1202,0.4077,0.9007,0.2991,0.4433,0.3712,0.722,0.6691,0.6955,0.7018,0.8871,0.7945
15.4,0.1503,0.4047,0.8791,0.321,0.433,0.377,0.7171,0.6704,0.6938,0.6924,0.8794,0.7859
15.5,0.184,0.4048,0.8565,0.3433,0.4206,0.382,0.7104,0.6681,0.6892,0.6855,0.8731,0.7793
15.6,0.2178,0.4085,0.8338,0.3658,0.4072,0.3865,0.7022,0.6634,0.6828,0.6814,0.868,0.7747
15.7,0.2481,0.4166,0.8115,0.3882,0.3943,0.3912,0.6931,0.6572,0.6752,0.6802,0.8639,0.7721
15.8,0.2716,0.4298,0.7901,0.4105,0.3838,0.3972,0.6838,0.6505,0.6672,0.6825,0.861,0.7717
15.9,0.2867,0.4478,0.77,0.4326,0.3771,0.4048,0.675,0.6434,0.6592,0.6889,0.8593,0.7741
16,0.2934,0.4699,0.7509,0.4545,0.3745,0.4145,0.6673,0.6363,0.6518,0.7,0.8591,0.7795
16.1,0.2925,0.495,0.7326,0.4763,0.3762,0.4262,0.6615,0.6294,0.6455,0.716,0.8603,0.7881
16.2,0.2843,0.5227,0.715,0.4986,0.3828,0.4407,0.6584,0.6234,0.6409,0.7366,0.8628,0.7997
16.3,0.2683,0.5531,0.6981,0.522,0.3958,0.4589,0.6588,0.619,0.6389,0.7615,0.8663,0.8139
16.4,0.2428,0.5867,0.6826,0.5467,0.4166,0.4816,0.6634,0.6167,0.6401,0.7903,0.8712,0.8307
16.5,0.206,0.6237,0.6692,0.5726,0.4455,0.509,0.6729,0.6167,0.6448,0.8218,0.8772,0.8495
16.6,0.1575,0.6635,0.6577,0.5994,0.482,0.5407,0.687,0.6187,0.6529,0.8543,0.8841,0.8692
16.7,0.0998,0.7056,0.6476,0.6267,0.5248,0.5757,0.7052,0.6225,0.6638,0.8858,0.8908,0.8883
16.8,0.0364,0.7495,0.6386,0.6542,0.5723,0.6133,0.7265,0.6276,0.677,0.9143,0.8964,0.9054
16.9,-0.0281,0.7944,0.6304,0.6814,0.6221,0.6518,0.75,0.6335,0.6918,0.9386,0.9003,0.9195
17,-0.0884,0.8381,0.6233,0.7074,0.6706,0.689,0.7743,0.6395,0.7069,0.958,0.9024,0.9302
17.1,-0.1402,0.8783,0.617,0.7311,0.7141,0.7226,0.7976,0.6446,0.7211,0.9725,0.9028,0.9377
17.2,-0.1813,0.9127,0.6116,0.7517,0.7495,0.7506,0.8189,0.6483,0.7336,0.9827,0.9017,0.9422
17.3,-0.2132,0.9407,0.6075,0.7692,0.7766,0.7729,0.8383,0.6508,0.7445,0.9898,0.8996,0.9447
17.4,-0.2371,0.9627,0.6055,0.7843,0.7957,0.79,0.856,0.6524,0.7542,0.9945,0.8968,0.9456
17.5,-0.2539,0.979,0.6056,0.7975,0.8081,0.8028,0.872,0.6536,0.7628,0.9971,0.8933,0.9452
17.6,-0.2631,0.9892,0.6074,0.8088,0.8136,0.8112,0.8854,0.6543,0.7698,0.9969,0.8888,0.9429
17.7,-0.2649,0.9932,0.6098,0.8181,0.8123,0.8152,0.8952,0.6545,0.7748,0.9932,0.883,0.9381
17.8,-0.2604,0.9913,0.6119,0.8252,0.8048,0.815,0.9013,0.6541,0.7777,0.9855,0.8754,0.9304
17.9,-0.2515,0.9848,0.614,0.8304,0.7926,0.8115,0.9038,0.6534,0.7786,0.9741,0.8661,0.9201
18,-0.2392,0.9757,0.6163,0.8339,0.7774,0.8057,0.9029,0.6526,0.7778,0.9595,0.8552,0.9074
18.1,-0.2239,0.9652,0.6192,0.8362,0.7607,0.7985,0.8987,0.6525,0.7756,0.9422,0.8432,0.8927
18.2,-0.2063,0.9543,0.6226,0.8377,0.7437,0.7907,0.8917,0.6536,0.7726,0.9229,0.8299,0.8764
18.3,-0.1876,0.9436,0.6264,0.8387,0.7275,0.7831,0.8829,0.6564,0.7696,0.9026,0.8153,0.8589
18.4,-0.1691,0.9339,0.6308,0.8396,0.7127,0.7762,0.8732,0.6611,0.7671,0.8821,0.7996,0.8409
18.5,-0.1515,0.9253,0.6366,0.841,0.6998,0.7704,0.8633,0.668,0.7656,0.8623,0.7837,0.823
18.6,-0.1354,0.9176,0.6443,0.843,0.6888,0.7659,0.8541,0.6775,0.7658,0.8439,0.7689,0.8064
18.7,-0.1217,0.9103,0.6545,0.8455,0.68,0.7628,0.8466,0.6902,0.7684,0.8275,0.7565,0.792
18.8,-0.1112,0.9029,0.667,0.8485,0.6739,0.7612,0.8416,0.706,0.7738,0.8133,0.7469,0.7801
18.9,-0.1056,0.8958,0.6813,0.8518,0.6717,0.7617,0.8392,0.7245,0.7818,0.8015,0.7402,0.7708
19,-0.1061,0.8892,0.697,0.8551,0.6739,0.7645,0.8385,0.7451,0.7918,0.7918,0.7364,0.7641
19.1,-0.1131,0.8833,0.7136,0.8581,0.6806,0.7694,0.839,0.7671,0.803,0.784,0.7355,0.7598
19.2,-0.1264,0.8779,0.7309,0.8608,0.6913,0.776,0.8402,0.7897,0.815,0.778,0.7379,0.758
19.3,-0.1454,0.8728,0.7488,0.8627,0.7051,0.7839,0.8426,0.8128,0.8277,0.7736,0.7438,0.7587
19.4,-0.1694,0.868,0.7671,0.8637,0.7215,0.7926,0.846,0.836,0.841,0.7708,0.7529,0.7619
19.5,-0.1979,0.8636,0.7857,0.8635,0.7399,0.8017,0.85,0.859,0.8545,0.7691,0.7649,0.767
19.6,-0.2298,0.8592,0.8047,0.8613,0.7591,0.8102,0.8538,0.8814,0.8676,0.7681,0.7791,0.7736
19.7,-0.2636,0.8541,0.8241,0.8563,0.7776,0.817,0.8572,0.9027,0.8799,0.7674,0.7948,0.7811
19.8,-0.298,0.8474,0.8436,0.8474,0.7936,0.8205,0.8605,0.9223,0.8914,0.7668,0.8111,0.789
19.9,-0.3319,0.8385,0.8617,0.8344,0.8059,0.8201,0.8636,0.9396,0.9016,0.7659,0.8268,0.7964
20,-0.3643,0.8276,0.8771,0.8171,0.8138,0.8155,0.8662,0.9543,0.9103,0.7645,0.8409,0.8027
20.1,-0.3938,0.8153,0.8887,0.796,0.8176,0.8068,0.8682,0.9667,0.9174,0.7628,0.8532,0.808
20.2,-0.4189,0.8015,0.8965,0.7718,0.817,0.7944,0.8697,0.9768,0.9232,0.7617,0.8642,0.813
20.3,-0.4384,0.786,0.9004,0.7453,0.8116,0.7784,0.8713,0.9845,0.9279,0.7619,0.8744,0.8181
20.4,-0.4517,0.7682,0.9004,0.7178,0.8012,0.7595,0.8731,0.9892,0.9311,0.763,0.8834,0.8232
20.5,-0.4587,0.7483,0.8967,0.6906,0.7865,0.7386,0.875,0.9902,0.9326,0.7644,0.8908,0.8276
20.6,-0.4593,0.727,0.8898,0.6647,0.7684,0.7165,0.8767,0.9874,0.932,0.7653,0.8962,0.8308
20.7,-0.4532,0.7052,0.8808,0.6405,0.7476,0.6941,0.878,0.9805,0.9292,0.7661,0.8998,0.8329
20.8,-0.4395,0.6836,0.8707,0.6184,0.7247,0.6715,0.8781,0.9696,0.9239,0.7665,0.9017,0.8341
20.9,-0.4174,0.6627,0.8605,0.5983,0.6999,0.6491,0.8761,0.9547,0.9154,0.7661,0.9021,0.8341
21,-0.3883,0.6435,0.8509,0.581,0.6738,0.6274,0.8706,0.9359,0.9032,0.7642,0.9009,0.8326
21.1,-0.3555,0.6271,0.8428,0.5669,0.6471,0.607,0.8614,0.9137,0.8875,0.761,0.8985,0.8297
21.2,-0.3227,0.6145,0.8375,0.5559,0.6209,0.5884,0.8489,0.8891,0.869,0.7572,0.8955,0.8264
21.3,-0.2926,0.6058,0.8358,0.5479,0.5962,0.572,0.8339,0.8635,0.8487,0.754,0.8927,0.8233
21.4,-0.2663,0.6006,0.838,0.5422,0.5735,0.5578,0.8166,0.8379,0.8273,0.7517,0.8905,0.8211
21.5,-0.2438,0.5981,0.8434,0.5384,0.553,0.5457,0.7973,0.8132,0.8053,0.7504,0.8892,0.8198
21.6,-0.225,0.5981,0.8514,0.5369,0.5352,0.536,0.7767,0.7903,0.7835,0.7499,0.8885,0.8192
21.7,-0.2094,0.6009,0.8618,0.5377,0.5205,0.5291,0.7557,0.77,0.7629,0.7499,0.8884,0.8192
21.8,-0.1967,0.6068,0.8742,0.5413,0.5094,0.5253,0.7356,0.753,0.7443,0.7503,0.8886,0.8195
21.9,-0.1861,0.616,0.8886,0.5478,0.5025,0.5252,0.7168,0.7399,0.7284,0.7506,0.8892,0.8199
22,-0.1774,0.6283,0.9045,0.5574,0.5004,0.5289,0.7002,0.7312,0.7157,0.7503,0.8898,0.82
22.1,-0.1707,0.6435,0.9215,0.57,0.5032,0.5366,0.6863,0.7268,0.7066,0.7493,0.8898,0.8195
22.2,-0.1661,0.6614,0.9389,0.5853,0.5105,0.5479,0.6756,0.7263,0.701,0.7477,0.8889,0.8183
22.3,-0.1637,0.6816,0.9559,0.6031,0.5217,0.5624,0.6681,0.7291,0.6986,0.7458,0.8865,0.8162
22.4,-0.163,0.7038,0.9715,0.6234,0.5359,0.5796,0.6639,0.734,0.6989,0.7435,0.8829,0.8132
22.5,-0.1633,0.7276,0.9847,0.6459,0.5523,0.5991,0.6631,0.7404,0.7018,0.7406,0.878,0.8093
22.6,-0.1645,0.7521,0.9945,0.6704,0.5702,0.6203,0.6664,0.7477,0.7071,0.7373,0.8719,0.8046
22.7,-0.1665,0.7767,1.0006,0.6966,0.5888,0.6427,0.6738,0.7557,0.7148,0.7342,0.8647,0.7995
22.8,-0.1698,0.8008,1.0022,0.7237,0.6071,0.6654,0.6842,0.7637,0.7239,0.7314,0.856,0.7937
22.9,-0.1745,0.8238,0.998,0.751,0.6242,0.6876,0.6958,0.7706,0.7332,0.7284,0.8454,0.7869
23,-0.1807,0.8451,0.9865,0.7782,0.6395,0.7088,0.7076,0.7754,0.7415,0.7249,0.8323,0.7786
23.1,-0.1882,0.8642,0.9666,0.8046,0.6528,0.7287,0.7196,0.7778,0.7487,0.7206,0.8168,0.7687
23.2,-0.1966,0.8808,0.9376,0.8297,0.6645,0.7471,0.7323,0.7777,0.755,0.7157,0.7986,0.7572
23.3,-0.2049,0.8944,0.9,0.853,0.6749,0.7639,0.7451,0.7757,0.7604,0.7105,0.7781,0.7443
23.4,-0.2124,0.9046,0.8554,0.8736,0.6841,0.7788,0.7568,0.7719,0.7643,0.7052,0.7557,0.7305
23.5,-0.2184,0.9103,0.8061,0.8905,0.6919,0.7912,0.7666,0.766,0.7663,0.7005,0.7322,0.7164
23.6,-0.2237,0.9108,0.7552,0.9024,0.6979,0.8002,0.7743,0.7578,0.766,0.6968,0.7082,0.7025
23.7,-0.2296,0.9059,0.7054,0.9085,0.7017,0.8051,0.7803,0.747,0.7636,0.6943,0.6844,0.6893
23.8,-0.2365,0.8958,0.659,0.9085,0.7031,0.8058,0.7848,0.7341,0.7595,0.693,0.6609,0.6769
23.9,-0.2436,0.8815,0.6178,0.9028,0.7018,0.8023,0.788,0.7199,0.754,0.6929,0.6383,0.6656
24,-0.25,0.8641,0.5834,0.8925,0.6978,0.7951,0.7904,0.7052,0.7478,0.694,0.6169,0.6555
24.1,-0.2548,0.8448,0.5569,0.8791,0.6912,0.7851,0.7925,0.6908,0.7417,0.6966,0.5974,0.647
24.2,-0.2576,0.8248,0.5388,0.8641,0.6826,0.7733,0.7953,0.6776,0.7365,0.7003,0.5802,0.6402
24.3,-0.2582,0.8053,0.5288,0.8485,0.6724,0.7605,0.7994,0.6661,0.7328,0.7044,0.5654,0.6349
24.4,-0.2559,0.7871,0.5261,0.8326,0.6608,0.7467,0.8053,0.6568,0.731,0.7088,0.5535,0.6311
24.5,-0.2507,0.7703,0.53,0.8158,0.6477,0.7317,0.8133,0.6501,0.7317,0.7133,0.5448,0.6291
24.6,-0.243,0.7548,0.5399,0.7975,0.6332,0.7153,0.8239,0.6464,0.7352,0.7181,0.5396,0.6289
24.7,-0.2332,0.7406,0.5556,0.7777,0.618,0.6979,0.8372,0.6456,0.7414,0.7231,0.5385,0.6308
24.8,-0.222,0.7276,0.5767,0.7569,0.603,0.68,0.8527,0.6475,0.7501,0.7282,0.5417,0.6349
24.9,-0.2098,0.7162,0.6026,0.736,0.5889,0.6625,0.8699,0.6518,0.7608,0.7331,0.5494,0.6413
25,-0.197,0.7067,0.6331,0.7158,0.5765,0.6462,0.8881,0.6575,0.7728,0.7378,0.5613,0.6495
25.1,-0.1845,0.6994,0.6674,0.6971,0.5664,0.6317,0.9064,0.6637,0.785,0.7418,0.5766,0.6592
25.2,-0.1731,0.6942,0.7047,0.6802,0.5591,0.6197,0.9234,0.6696,0.7965,0.7445,0.5944,0.6695
25.3,-0.1633,0.6913,0.7432,0.6656,0.5548,0.6102,0.9376,0.6742,0.8059,0.7447,0.6133,0.679
25.4,-0.1554,0.6904,0.7799,0.6535,0.553,0.6032,0.9475,0.6766,0.8121,0.7414,0.6319,0.6866
25.5,-0.149,0.6909,0.8116,0.6434,0.5529,0.5982,0.9517,0.6759,0.8138,0.7342,0.649,0.6916
25.6,-0.1443,0.6924,0.8356,0.6346,0.5537,0.5942,0.9492,0.671,0.8101,0.7238,0.6642,0.694
25.7,-0.1415,0.6942,0.8503,0.6264,0.5551,0.5908,0.9396,0.6619,0.8008,0.7108,0.6775,0.6942
25.8,-0.1417,0.6959,0.8558,0.6181,0.5577,0.5879,0.923,0.6493,0.7861,0.6959,0.6893,0.6926
25.9,-0.1447,0.6969,0.853,0.6089,0.562,0.5854,0.9002,0.6343,0.7673,0.6798,0.6997,0.6898
26,-0.1491,0.6965,0.8429,0.5984,0.5677,0.5831,0.872,0.6185,0.7453,0.6633,0.7085,0.6859
26.1,-0.1514,0.6933,0.8267,0.5861,0.574,0.5801,0.8394,0.6027,0.721,0.6472,0.7156,0.6814
26.2,-0.1477,0.6861,0.805,0.5722,0.5798,0.576,0.8038,0.5871,0.6955,0.6326,0.7208,0.6767
26.3,-0.1347,0.6743,0.7785,0.557,0.5842,0.5706,0.7675,0.5724,0.67,0.6202,0.7243,0.6722
26.4,-0.1102,0.6577,0.7482,0.541,0.5871,0.5641,0.733,0.5596,0.6463,0.6105,0.7261,0.6683
26.5,-0.074,0.6362,0.7159,0.5243,0.5877,0.556,0.7023,0.5497,0.626,0.604,0.7269,0.6655
26.6,-0.0273,0.6103,0.6837,0.5069,0.5853,0.5461,0.6764,0.5432,0.6098,0.6016,0.7275,0.6645
26.7,0.0265,0.5817,0.6543,0.4889,0.579,0.534,0.6554,0.5392,0.5973,0.6037,0.729,0.6663
26.8,0.0834,0.5524,0.6299,0.4708,0.5686,0.5197,0.639,0.537,0.588,0.6104,0.7323,0.6714
26.9,0.1401,0.5246,0.6124,0.4533,0.5542,0.5037,0.6273,0.5358,0.5815,0.6213,0.7381,0.6797
27,0.1943,0.4999,0.6027,0.4372,0.5366,0.4869,0.6205,0.5361,0.5783,0.6351,0.746,0.6905
27.1,0.2446,0.479,0.601,0.4235,0.5169,0.4702,0.6187,0.5384,0.5786,0.6507,0.7557,0.7032
27.2,0.2907,0.4622,0.6069,0.4125,0.4962,0.4544,0.6212,0.5428,0.582,0.6671,0.7669,0.717
27.3,0.3319,0.4492,0.6203,0.4045,0.4753,0.4399,0.6269,0.5491,0.588,0.684,0.7801,0.732
27.4,0.3675,0.44,0.6407,0.399,0.4554,0.4272,0.6348,0.5568,0.5958,0.7009,0.7953,0.7481
27.5,0.3964,0.4345,0.6675,0.3954,0.438,0.4167,0.6444,0.5658,0.6051,0.7174,0.8123,0.7649
27.6,0.4177,0.4331,0.7,0.3932,0.4243,0.4087,0.6555,0.576,0.6158,0.7327,0.8305,0.7816
27.7,0.4313,0.4359,0.7377,0.3921,0.4153,0.4037,0.6678,0.5878,0.6278,0.7464,0.8491,0.7977
27.8,0.438,0.4431,0.7802,0.3924,0.4118,0.4021,0.6809,0.6011,0.641,0.7581,0.8676,0.8129
27.9,0.4385,0.4547,0.8262,0.3948,0.4137,0.4043,0.6942,0.6152,0.6547,0.7674,0.8854,0.8264
28,0.4337,0.4698,0.8737,0.4002,0.4206,0.4104,0.7071,0.6291,0.6681,0.7736,0.9012,0.8374
28.1,0.4239,0.4874,0.9197,0.4086,0.4314,0.42,0.7189,0.6416,0.6802,0.7759,0.9138,0.8449
28.2,0.4097,0.5065,0.9618,0.4194,0.4452,0.4323,0.7283,0.6519,0.6901,0.7738,0.9222,0.848
28.3,0.3911,0.5262,0.9984,0.4322,0.4611,0.4467,0.7344,0.6597,0.6971,0.7667,0.9255,0.8461
28.4,0.3672,0.5463,1.0291,0.4463,0.4787,0.4625,0.7363,0.6648,0.7005,0.7547,0.9237,0.8392
28.5,0.3367,0.5661,1.0533,0.461,0.4975,0.4793,0.7338,0.6674,0.7006,0.7384,0.917,0.8277
28.6,0.299,0.5849,1.0708,0.4752,0.5171,0.4961,0.7273,0.668,0.6976,0.7187,0.9061,0.8124
28.7,0.2547,0.601,1.0814,0.4873,0.536,0.5117,0.7173,0.6671,0.6922,0.6971,0.8917,0.7944
28.8,0.2058,0.6134,1.0852,0.4961,0.5531,0.5246,0.7046,0.6648,0.6847,0.6753,0.8751,0.7752
28.9,0.1541,0.6211,1.0832,0.5006,0.5675,0.5341,0.6899,0.6612,0.6755,0.6551,0.8576,0.7564
29,0.1007,0.6237,1.0766,0.5007,0.5787,0.5397,0.6741,0.6561,0.6651,0.6374,0.8402,0.7388
29.1,0.0463,0.6209,1.0665,0.4966,0.5868,0.5417,0.6579,0.6497,0.6538,0.6224,0.8231,0.7227
29.2,-0.0086,0.6131,1.0535,0.489,0.592,0.5405,0.6421,0.6419,0.642,0.6099,0.8064,0.7082
29.3,-0.0619,0.601,1.0376,0.4786,0.5942,0.5364,0.6274,0.6328,0.6301,0.6002,0.7903,0.6952
29.4,-0.1114,0.5856,1.0189,0.4664,0.5933,0.5299,0.6145,0.6221,0.6183,0.5934,0.775,0.6842
29.5,-0.1561,0.5679,0.9977,0.4533,0.5893,0.5213,0.6037,0.6099,0.6068,0.5896,0.761,0.6753
29.6,-0.1963,0.5485,0.9746,0.44,0.5825,0.5113,0.5951,0.5968,0.5959,0.5887,0.7485,0.6686
29.7,-0.2327,0.5279,0.9502,0.4272,0.5736,0.5004,0.5885,0.5834,0.5859,0.5902,0.7373,0.6637
29.8,-0.2654,0.5071,0.9251,0.4157,0.5633,0.4895,0.5837,0.5703,0.577,0.5932,0.727,0.6601
29.9,-0.2939,0.487,0.9,0.4061,0.5525,0.4793,0.5799,0.558,0.569,0.5975,0.7177,0.6576
30,-0.318,0.4684,0.8757,0.3985,0.5417,0.4701,0.5764,0.5465,0.5615,0.6025,0.7092,0.6558
30.1,-0.3376,0.4516,0.8532,0.3925,0.5308,0.4616,0.5725,0.5358,0.5541,0.6068,0.7013,0.654
30.2,-0.3535,0.4365,0.8332,0.3876,0.52,0.4538,0.5676,0.526,0.5468,0.6097,0.6937,0.6517
30.3,-0.3665,0.423,0.816,0.3834,0.5093,0.4464,0.5618,0.5175,0.5397,0.6107,0.6859,0.6483
30.4,-0.3765,0.4112,0.8014,0.38,0.4991,0.4396,0.5554,0.5102,0.5328,0.61,0.6775,0.6438
30.5,-0.3838,0.4013,0.789,0.3771,0.4895,0.4333,0.5484,0.5037,0.526,0.6076,0.6689,0.6383
30.6,-0.3889,0.3933,0.7786,0.3739,0.4803,0.4271,0.5409,0.4972,0.5191,0.6039,0.6604,0.6322
30.7,-0.393,0.387,0.7702,0.3696,0.4713,0.4204,0.5336,0.4908,0.5122,0.5992,0.6522,0.6257
30.8,-0.3972,0.3827,0.7639,0.3643,0.4627,0.4135,0.5271,0.4851,0.5061,0.5936,0.6442,0.6189
30.9,-0.4018,0.3808,0.7598,0.3591,0.4552,0.4072,0.5225,0.4814,0.5019,0.5874,0.6361,0.6118
31,-0.4063,0.3824,0.7579,0.3557,0.45,0.4028,0.5199,0.4806,0.5002,0.5812,0.6282,0.6047
31.1,-0.4101,0.3879,0.7582,0.355,0.4473,0.4012,0.5193,0.4829,0.5011,0.5756,0.6209,0.5982
31.2,-0.4129,0.3967,0.7602,0.3572,0.4464,0.4018,0.5205,0.4881,0.5043,0.5715,0.6148,0.5931
31.3,-0.4151,0.4073,0.7633,0.361,0.4457,0.4034,0.5236,0.4953,0.5094,0.5693,0.6102,0.5898
31.4,-0.4171,0.4184,0.7664,0.3654,0.4445,0.405,0.5286,0.504,0.5163,0.5689,0.6074,0.5881
31.5,-0.4194,0.4299,0.7691,0.37,0.443,0.4065,0.5351,0.5141,0.5246,0.57,0.6062,0.5881
31.6,-0.4222,0.4421,0.7715,0.3753,0.4427,0.409,0.5426,0.5258,0.5342,0.5725,0.607,0.5897
31.7,-0.4257,0.4554,0.7737,0.3815,0.4444,0.413,0.5505,0.5387,0.5446,0.5765,0.6098,0.5931
31.8,-0.4302,0.4692,0.7759,0.3886,0.4483,0.4184,0.5588,0.5521,0.5554,0.5822,0.6147,0.5984
31.9,-0.4353,0.4824,0.7778,0.3957,0.4533,0.4245,0.5674,0.5655,0.5664,0.5895,0.6215,0.6055
32,-0.44,0.494,0.7792,0.4019,0.4586,0.4303,0.5765,0.5785,0.5775,0.5984,0.6302,0.6143
32.1,-0.443,0.5035,0.7801,0.4069,0.4636,0.4352,0.5861,0.5913,0.5887,0.6087,0.6406,0.6247
32.2,-0.4436,0.5108,0.7805,0.41,0.4681,0.439,0.5961,0.6041,0.6001,0.6202,0.6528,0.6365
32.3,-0.4421,0.5155,0.7805,0.4109,0.4715,0.4412,0.606,0.6165,0.6112,0.6327,0.6662,0.6495
32.4,-0.4393,0.518,0.7801,0.4097,0.474,0.4418,0.6154,0.6281,0.6217,0.6454,0.6802,0.6628
32.5,-0.4352,0.5185,0.7792,0.4067,0.4754,0.4411,0.6241,0.6389,0.6315,0.6579,0.6939,0.6759
32.6,-0.4285,0.5175,0.7777,0.4025,0.476,0.4393,0.6319,0.649,0.6405,0.6702,0.7071,0.6886
32.7,-0.4175,0.515,0.7755,0.3972,0.476,0.4366,0.639,0.6583,0.6487,0.6821,0.7191,0.7006
32.8,-0.4021,0.5111,0.7725,0.3911,0.4757,0.4334,0.6449,0.6667,0.6558,0.6935,0.7294,0.7114
32.9,-0.3835,0.5061,0.7686,0.3848,0.4752,0.43,0.649,0.674,0.6615,0.704,0.7373,0.7207
33,-0.3628,0.5007,0.7643,0.3794,0.4752,0.4273,0.6512,0.6804,0.6658,0.7135,0.7425,0.728
33.1,-0.3406,0.4959,0.7603,0.3763,0.4763,0.4263,0.6516,0.6864,0.669,0.722,0.7451,0.7336
33.2,-0.3165,0.4926,0.7574,0.3762,0.4789,0.4275,0.6504,0.6927,0.6716,0.7294,0.7456,0.7375
33.3,-0.2911,0.4911,0.7565,0.3791,0.4832,0.4312,0.6482,0.6996,0.6739,0.7359,0.7444,0.7401
33.4,-0.2654,0.4912,0.7579,0.3844,0.4893,0.4368,0.6447,0.7071,0.6759,0.7416,0.7422,0.7419
33.5,-0.2415,0.4929,0.7616,0.3912,0.4971,0.4442,0.6399,0.7148,0.6774,0.7467,0.7396,0.7431
33.6,-0.2202,0.4968,0.7675,0.4002,0.5068,0.4535,0.6344,0.7227,0.6785,0.7523,0.7368,0.7445
33.7,-0.2015,0.5036,0.7751,0.4121,0.5186,0.4653,0.6288,0.7307,0.6797,0.7591,0.7343,0.7467
33.8,-0.1846,0.514,0.7838,0.4278,0.5322,0.48,0.6238,0.7387,0.6812,0.7672,0.7323,0.7498
33.9,-0.1689,0.5278,0.7927,0.4478,0.5474,0.4976,0.6201,0.7465,0.6833,0.7761,0.7312,0.7537
34,-0.154,0.545,0.8014,0.4728,0.5646,0.5187,0.6181,0.7543,0.6862,0.7855,0.7309,0.7582
34.1,-0.1388,0.566,0.8095,0.5041,0.5841,0.5441,0.6181,0.7625,0.6903,0.7949,0.7308,0.7629
34.2,-0.1209,0.5909,0.8164,0.5431,0.6064,0.5747,0.6208,0.771,0.6959,0.804,0.7306,0.7673
34.3,-0.0977,0.6199,0.8217,0.5905,0.6311,0.6108,0.6262,0.7793,0.7027,0.8123,0.7301,0.7712
34.4,-0.0682,0.652,0.8249,0.6451,0.6573,0.6512,0.6339,0.7859,0.7099,0.8195,0.7298,0.7746
34.5,-0.0329,0.6856,0.8257,0.7044,0.6838,0.6941,0.6437,0.7896,0.7167,0.8254,0.7299,0.7776
34.6,0.0065,0.719,0.8241,0.7649,0.7094,0.7372,0.6559,0.7899,0.7229,0.8297,0.7303,0.78
34.7,0.0478,0.7512,0.8203,0.8238,0.7335,0.7786,0.6708,0.7871,0.7289,0.8317,0.7307,0.7812
34.8,0.0885,0.7816,0.8144,0.8785,0.7553,0.8169,0.6882,0.7817,0.735,0.8308,0.7306,0.7807
34.9,0.1258,0.8098,0.8067,0.9268,0.7743,0.8506,0.7078,0.7744,0.7411,0.8269,0.7298,0.7783
35,0.1573,0.8347,0.798,0.9659,0.7896,0.8778,0.7295,0.7658,0.7476,0.821,0.7285,0.7748
35.1,0.1813,0.8552,0.7894,0.9941,0.8005,0.8973,0.7534,0.7564,0.7549,0.8139,0.7273,0.7706
35.2,0.1973,0.8705,0.7817,1.0104,0.8065,0.9084,0.78,0.747,0.7635,0.8058,0.7266,0.7662
35.3,0.2052,0.8799,0.7751,1.0144,0.8075,0.9109,0.8084,0.7384,0.7734,0.7965,0.7267,0.7616
35.4,0.2052,0.8829,0.7693,1.0061,0.803,0.9046,0.8376,0.7309,0.7843,0.7856,0.7271,0.7563
35.5,0.1975,0.8793,0.7637,0.9859,0.7926,0.8892,0.8657,0.7242,0.795,0.7726,0.7268,0.7497
35.6,0.1836,0.869,0.7574,0.9552,0.7763,0.8658,0.8914,0.7179,0.8047,0.7573,0.7248,0.741
35.7,0.1656,0.8524,0.7496,0.9166,0.755,0.8358,0.9137,0.7112,0.8124,0.7394,0.7199,0.7297
35.8,0.1452,0.83,0.7395,0.8732,0.7303,0.8017,0.9316,0.7033,0.8174,0.7193,0.7121,0.7157
35.9,0.1227,0.8024,0.727,0.8269,0.7033,0.7651,0.9443,0.694,0.8191,0.6978,0.7016,0.6997
36,0.0978,0.7699,0.7124,0.7789,0.675,0.727,0.9517,0.6831,0.8174,0.6761,0.689,0.6825
36.1,0.0697,0.7339,0.6967,0.7299,0.6461,0.688,0.9542,0.6713,0.8127,0.6553,0.6752,0.6652
36.2,0.0391,0.6958,0.6806,0.6812,0.6171,0.6491,0.9525,0.659,0.8058,0.6361,0.6612,0.6487
36.3,0.0075,0.6575,0.6649,0.634,0.589,0.6115,0.9471,0.647,0.7971,0.6189,0.6481,0.6335
36.4,-0.0231,0.6202,0.6494,0.5894,0.5624,0.5759,0.9384,0.6357,0.787,0.6041,0.6366,0.6203
36.5,-0.0516,0.5842,0.6343,0.5475,0.5376,0.5425,0.9263,0.6248,0.7755,0.592,0.6272,0.6096
36.6,-0.0774,0.5493,0.6195,0.5078,0.5145,0.5111,0.9109,0.6138,0.7624,0.5829,0.6197,0.6013
36.7,-0.0996,0.5153,0.6047,0.47,0.4927,0.4814,0.8925,0.6017,0.7471,0.5763,0.614,0.5952
36.8,-0.1172,0.4823,0.5897,0.4344,0.4724,0.4534,0.8713,0.5878,0.7295,0.5719,0.6101,0.591
36.9,-0.1293,0.4511,0.5744,0.4021,0.4542,0.4281,0.8479,0.5714,0.7096,0.5697,0.6078,0.5887
37,-0.135,0.4222,0.5595,0.374,0.4389,0.4064,0.8237,0.553,0.6883,0.57,0.6073,0.5887
37.1,-0.1331,0.3958,0.5458,0.351,0.4269,0.389,0.8003,0.5336,0.6669,0.5731,0.6088,0.591
37.2,-0.1231,0.3718,0.5342,0.3331,0.4185,0.3758,0.779,0.5139,0.6465,0.5789,0.6124,0.5956
37.3,-0.1057,0.3503,0.5257,0.3199,0.4129,0.3664,0.7602,0.4947,0.6274,0.5868,0.6184,0.6026
37.4,-0.0826,0.3316,0.5214,0.3107,0.4098,0.3602,0.7437,0.4764,0.61,0.597,0.6272,0.6121
37.5,-0.0561,0.316,0.5224,0.305,0.4087,0.3568,0.7295,0.4595,0.5945,0.6101,0.639,0.6246
37.6,-0.028,0.304,0.5301,0.3025,0.4097,0.3561,0.7181,0.4448,0.5815,0.6265,0.6548,0.6406
37.7,0,0.296,0.5455,0.3036,0.4127,0.3581,0.7098,0.4331,0.5715,0.6459,0.6748,0.6603
37.8,0.0268,0.2927,0.5696,0.309,0.4177,0.3633,0.7049,0.4254,0.5652,0.6679,0.699,0.6835
37.9,0.0503,0.2943,0.6022,0.319,0.4245,0.3717,0.7034,0.4225,0.563,0.6916,0.7266,0.7091
38,0.0677,0.3007,0.6423,0.3335,0.4331,0.3833,0.7052,0.4251,0.5651,0.7154,0.7562,0.7358
38.1,0.0759,0.3115,0.6882,0.3515,0.4434,0.3974,0.71,0.4337,0.5718,0.7374,0.786,0.7617
38.2,0.0725,0.3259,0.7376,0.3718,0.4553,0.4135,0.7168,0.4485,0.5826,0.756,0.8148,0.7854
38.3,0.0571,0.3434,0.7874,0.393,0.4685,0.4307,0.7243,0.4691,0.5967,0.7705,0.8414,0.806
38.4,0.0316,0.3636,0.8342,0.4141,0.4826,0.4484,0.7315,0.4942,0.6129,0.781,0.8645,0.8228
38.5,-0.0019,0.386,0.8746,0.4348,0.4972,0.466,0.7376,0.5226,0.6301,0.787,0.8828,0.8349
38.6,-0.0421,0.4102,0.9058,0.4548,0.512,0.4834,0.7419,0.553,0.6475,0.7882,0.8952,0.8417
38.7,-0.0877,0.4356,0.9266,0.4737,0.5268,0.5002,0.7444,0.5842,0.6643,0.7843,0.9012,0.8427
38.8,-0.1365,0.4614,0.9372,0.4914,0.5412,0.5163,0.7449,0.6151,0.68,0.7761,0.9013,0.8387
38.9,-0.1857,0.4872,0.9385,0.5078,0.5554,0.5316,0.744,0.6445,0.6943,0.765,0.8965,0.8307
39,-0.2324,0.5131,0.9316,0.5235,0.5699,0.5467,0.742,0.6716,0.7068,0.7525,0.8879,0.8202
39.1,-0.2751,0.5392,0.9182,0.5386,0.5851,0.5619,0.7396,0.6956,0.7176,0.7398,0.8769,0.8083
39.2,-0.3138,0.5658,0.9002,0.5532,0.6013,0.5772,0.7368,0.7163,0.7266,0.7279,0.8646,0.7962
39.3,-0.3487,0.5928,0.8796,0.5665,0.6183,0.5924,0.7338,0.7341,0.734,0.7174,0.8522,0.7848
39.4,-0.3785,0.6198,0.8581,0.5782,0.6357,0.6069,0.7305,0.749,0.7397,0.7086,0.8404,0.7745
39.5,-0.4006,0.6461,0.8363,0.5882,0.6531,0.6206,0.7272,0.7607,0.744,0.7005,0.8293,0.7649
39.6,-0.4128,0.6712,0.8145,0.5972,0.6704,0.6338,0.7242,0.7691,0.7466,0.6922,0.8185,0.7554
39.7,-0.4142,0.6947,0.793,0.6058,0.6874,0.6466,0.7217,0.7738,0.7478,0.6831,0.8077,0.7454
39.8,-0.4056,0.716,0.7722,0.6144,0.7035,0.6589,0.7199,0.775,0.7474,0.6732,0.7967,0.7349
39.9,-0.388,0.734,0.7529,0.622,0.7179,0.67,0.7186,0.7728,0.7457,0.6629,0.7854,0.7241
40,-0.3623,0.7478,0.7353,0.6278,0.7298,0.6788,0.7181,0.7677,0.7429,0.6519,0.7736,0.7128
40.1,-0.3293,0.7571,0.7195,0.631,0.7391,0.6851,0.7188,0.7597,0.7392,0.6401,0.7613,0.7007
40.2,-0.2903,0.7622,0.7052,0.632,0.7463,0.6892,0.7211,0.7492,0.7352,0.628,0.7488,0.6884
40.3,-0.2469,0.764,0.6926,0.6317,0.7518,0.6918,0.7255,0.737,0.7313,0.6168,0.7369,0.6769
40.4,-0.1998,0.763,0.6821,0.6311,0.7554,0.6933,0.7321,0.7238,0.728,0.6076,0.7268,0.6672
40.5,-0.1498,0.7593,0.6737,0.6303,0.7566,0.6934,0.7407,0.7103,0.7255,0.6007,0.7192,0.6599
40.6,-0.0979,0.7527,0.6675,0.6291,0.7544,0.6917,0.7505,0.6968,0.7236,0.5954,0.7139,0.6546
40.7,-0.0459,0.7433,0.6632,0.6268,0.7486,0.6877,0.7608,0.6834,0.7221,0.5913,0.7103,0.6508
40.8,0.0042,0.7311,0.6606,0.6232,0.7396,0.6814,0.7708,0.6705,0.7206,0.5884,0.7081,0.6483
40.9,0.0512,0.7165,0.6593,0.6183,0.7281,0.6732,0.7799,0.6582,0.7191,0.5873,0.7071,0.6472
41,0.0945,0.6997,0.6593,0.6117,0.7142,0.6629,0.7878,0.647,0.7174,0.5878,0.7071,0.6474
41.1,0.1335,0.6811,0.6603,0.6033,0.6979,0.6506,0.7941,0.637,0.7156,0.5894,0.7077,0.6486
41.2,0.1667,0.6612,0.6617,0.5926,0.6792,0.6359,0.7982,0.628,0.7131,0.5917,0.7084,0.6501
41.3,0.1922,0.6405,0.6631,0.5793,0.6581,0.6187,0.7992,0.6197,0.7095,0.5943,0.7086,0.6515
41.4,0.2083,0.6195,0.664,0.5633,0.6348,0.5991,0.7966,0.6117,0.7041,0.597,0.7081,0.6525
41.5,0.2135,0.5986,0.6638,0.5448,0.6095,0.5771,0.7901,0.604,0.697,0.5998,0.7068,0.6533
41.6,0.2075,0.578,0.6625,0.5244,0.5824,0.5534,0.78,0.5969,0.6885,0.603,0.7054,0.6542
41.7,0.1912,0.558,0.6597,0.5034,0.5541,0.5287,0.7671,0.5902,0.6786,0.6073,0.7042,0.6557
41.8,0.1671,0.5392,0.6556,0.483,0.5255,0.5043,0.7517,0.5837,0.6677,0.613,0.7034,0.6582
41.9,0.1378,0.5222,0.6504,0.4648,0.4981,0.4815,0.7347,0.5773,0.656,0.6201,0.7029,0.6615
42,0.1062,0.5077,0.6446,0.4501,0.4731,0.4616,0.7169,0.5708,0.6438,0.6284,0.7031,0.6657
42.1,0.0741,0.4963,0.6389,0.4394,0.4518,0.4456,0.6988,0.5641,0.6315,0.6374,0.7039,0.6706
42.2,0.0433,0.4892,0.6335,0.4337,0.435,0.4343,0.6813,0.5576,0.6194,0.6472,0.7052,0.6762
42.3,0.0152,0.4873,0.6288,0.4334,0.423,0.4282,0.6651,0.5514,0.6082,0.6583,0.7067,0.6825
42.4,-0.0086,0.4913,0.6254,0.4392,0.4165,0.4279,0.6511,0.5461,0.5986,0.6708,0.7084,0.6896
42.5,-0.0265,0.5008,0.6234,0.451,0.4152,0.4331,0.6396,0.5422,0.5909,0.6844,0.7104,0.6974
42.6,-0.0371,0.5145,0.6234,0.4677,0.4185,0.4431,0.6306,0.5397,0.5851,0.6983,0.7131,0.7057
42.7,-0.0403,0.531,0.6251,0.4881,0.4254,0.4568,0.6231,0.5384,0.5807,0.7119,0.7162,0.7141
42.8,-0.0366,0.5494,0.6284,0.5111,0.4349,0.473,0.6164,0.5377,0.5771,0.7248,0.7195,0.7222
42.9,-0.0277,0.5688,0.6326,0.5354,0.4461,0.4907,0.6103,0.5369,0.5736,0.7363,0.7225,0.7294
43,-0.015,0.5881,0.6374,0.5597,0.4581,0.5089,0.6043,0.5359,0.5701,0.7467,0.7246,0.7356
43.1,-0.0002,0.606,0.6422,0.5826,0.4701,0.5264,0.5977,0.5343,0.566,0.756,0.7253,0.7407
43.2,0.0154,0.6211,0.6461,0.6029,0.4809,0.5419,0.5892,0.5319,0.5605,0.7643,0.7241,0.7442
43.3,0.0311,0.6326,0.6491,0.62,0.4898,0.5549,0.5786,0.5285,0.5536,0.7709,0.7208,0.7458
43.4,0.046,0.6402,0.6514,0.634,0.4963,0.5651,0.5667,0.5244,0.5455,0.7757,0.7155,0.7456
43.5,0.0595,0.6444,0.6537,0.6455,0.5001,0.5728,0.5549,0.5198,0.5373,0.7791,0.7092,0.7442
43.6,0.0717,0.6456,0.6564,0.6546,0.5014,0.578,0.5443,0.5153,0.5298,0.7814,0.7029,0.7421
43.7,0.0825,0.644,0.6592,0.6608,0.5,0.5804,0.535,0.5116,0.5233,0.7826,0.6972,0.7399
43.8,0.0915,0.6395,0.6619,0.6634,0.4955,0.5794,0.5264,0.5092,0.5178,0.782,0.6917,0.7369
43.9,0.0983,0.6319,0.6637,0.6616,0.4874,0.5745,0.5179,0.5078,0.5128,0.7787,0.6857,0.7322
44,0.1023,0.6211,0.6643,0.6552,0.4756,0.5654,0.5086,0.5064,0.5075,0.7724,0.6782,0.7253
44.1,0.1036,0.6073,0.6636,0.6443,0.4605,0.5524,0.4982,0.5041,0.5011,0.7635,0.6691,0.7163
44.2,0.1024,0.5905,0.6618,0.6291,0.4426,0.5359,0.4867,0.5009,0.4938,0.7531,0.6593,0.7062
44.3,0.0992,0.5711,0.6587,0.6106,0.4228,0.5167,0.4751,0.4976,0.4864,0.7421,0.6496,0.6959
44.4,0.0941,0.5499,0.655,0.5903,0.4021,0.4962,0.4647,0.4957,0.4802,0.7312,0.6405,0.6858
44.5,0.087,0.5276,0.6517,0.5695,0.3816,0.4755,0.4563,0.4964,0.4763,0.7208,0.6321,0.6764
44.6,0.0781,0.5052,0.6499,0.5495,0.3622,0.4558,0.4506,0.5005,0.4755,0.7116,0.6246,0.6681
44.7,0.0681,0.4833,0.6507,0.5308,0.345,0.4379,0.4477,0.5083,0.478,0.7041,0.6189,0.6615
44.8,0.0576,0.4627,0.6547,0.5139,0.331,0.4224,0.4482,0.5201,0.4841,0.699,0.616,0.6575
44.9,0.047,0.4447,0.6626,0.4994,0.3221,0.4107,0.4528,0.5359,0.4943,0.6969,0.6167,0.6568
45,0.0365,0.4311,0.6745,0.4886,0.3197,0.4041,0.4617,0.5551,0.5084,0.6979,0.621,0.6594
45.1,0.0268,0.4236,0.69,0.4823,0.325,0.4036,0.4747,0.5764,0.5256,0.702,0.6287,0.6653
45.2,0.0195,0.4233,0.708,0.4809,0.338,0.4095,0.4913,0.5981,0.5447,0.709,0.639,0.674
45.3,0.0157,0.4301,0.7279,0.4844,0.3575,0.4209,0.5114,0.6191,0.5652,0.719,0.6516,0.6853
45.4,0.0158,0.4433,0.7493,0.4922,0.3817,0.4369,0.5353,0.639,0.5871,0.7317,0.6666,0.6991
45.5,0.0189,0.4613,0.7723,0.5034,0.4087,0.4561,0.5631,0.6582,0.6107,0.7467,0.684,0.7153
45.6,0.0239,0.4827,0.7963,0.5172,0.4372,0.4772,0.5938,0.6768,0.6353,0.7637,0.7034,0.7336
45.7,0.0302,0.5055,0.82,0.5326,0.4657,0.4991,0.6262,0.6942,0.6602,0.7824,0.7241,0.7533
45.8,0.0381,0.5273,0.8425,0.5482,0.4925,0.5204,0.659,0.7096,0.6843,0.8019,0.7449,0.7734
45.9,0.0483,0.5462,0.8628,0.5632,0.5161,0.5397,0.6917,0.7228,0.7073,0.8213,0.765,0.7932
46,0.0611,0.561,0.8806,0.5769,0.5356,0.5562,0.7243,0.7337,0.729,0.8402,0.7837,0.8119
46.1,0.0756,0.5714,0.8959,0.589,0.5506,0.5698,0.7568,0.743,0.7499,0.8581,0.8006,0.8294
46.2,0.0906,0.5774,0.908,0.5992,0.5613,0.5803,0.7891,0.7509,0.77,0.8747,0.8155,0.8451
46.3,0.1051,0.5788,0.9163,0.6072,0.5677,0.5875,0.8208,0.7581,0.7894,0.8897,0.8278,0.8588
46.4,0.1184,0.5761,0.9207,0.6131,0.57,0.5916,0.8516,0.7647,0.8081,0.9031,0.8374,0.8702
46.5,0.1296,0.5698,0.922,0.6172,0.5687,0.593,0.8811,0.7711,0.8261,0.9149,0.8446,0.8797
46.6,0.1382,0.5604,0.9213,0.6198,0.5641,0.5919,0.9094,0.7776,0.8435,0.9251,0.85,0.8876
46.7,0.1433,0.5485,0.9194,0.621,0.5566,0.5888,0.9368,0.7842,0.8605,0.9342,0.854,0.8941
46.8,0.1447,0.5345,0.9158,0.6203,0.5467,0.5835,0.9633,0.7907,0.877,0.9419,0.8566,0.8992
46.9,0.1427,0.5189,0.9093,0.6174,0.5347,0.5761,0.9879,0.7962,0.8921,0.9479,0.8571,0.9025
47,0.1381,0.5023,0.8989,0.6126,0.521,0.5668,1.0089,0.7997,0.9043,0.9516,0.855,0.9033
47.1,0.1317,0.4851,0.8844,0.6063,0.5058,0.556,1.0247,0.8001,0.9124,0.952,0.8496,0.9008
47.2,0.1244,0.4671,0.8658,0.5989,0.4892,0.5441,1.0342,0.7966,0.9154,0.9485,0.8406,0.8946
47.3,0.1172,0.4484,0.8436,0.5906,0.4717,0.5311,1.0367,0.7883,0.9125,0.9411,0.8278,0.8845
47.4,0.1114,0.4292,0.8179,0.5814,0.4536,0.5175,1.0321,0.7751,0.9036,0.9297,0.8114,0.8706
47.5,0.1075,0.41,0.7892,0.5718,0.4356,0.5037,1.0206,0.7578,0.8892,0.9147,0.7919,0.8533
47.6,0.1056,0.392,0.7583,0.5622,0.4184,0.4903,1.0025,0.7378,0.8702,0.8966,0.7702,0.8334
47.7,0.1051,0.3764,0.7267,0.5533,0.4026,0.478,0.9785,0.7166,0.8476,0.8756,0.7473,0.8114
47.8,0.1056,0.364,0.6955,0.5447,0.3888,0.4668,0.9489,0.6946,0.8217,0.8524,0.7239,0.7882
47.9,0.1064,0.3553,0.666,0.536,0.3771,0.4565,0.914,0.6715,0.7928,0.8278,0.7012,0.7645
48,0.1074,0.3505,0.6388,0.5266,0.3672,0.4469,0.8749,0.647,0.761,0.8026,0.6799,0.7413
48.1,0.1082,0.3496,0.6143,0.5169,0.3594,0.4382,0.8332,0.6209,0.7271,0.7775,0.6606,0.719
48.2,0.1084,0.3525,0.5925,0.5074,0.3537,0.4306,0.791,0.5936,0.6923,0.7534,0.6431,0.6983
48.3,0.1069,0.3589,0.5735,0.4984,0.3504,0.4244,0.7504,0.5656,0.658,0.7313,0.6273,0.6793
48.4,0.1022,0.3679,0.5569,0.4897,0.3492,0.4194,0.7128,0.5378,0.6253,0.7122,0.6133,0.6628
48.5,0.0931,0.3786,0.5422,0.4809,0.3492,0.4151,0.6794,0.5109,0.5952,0.6968,0.6015,0.6491
48.6,0.0794,0.3906,0.5291,0.4722,0.35,0.4111,0.6514,0.4858,0.5686,0.6847,0.5922,0.6384
48.7,0.0623,0.4034,0.518,0.4642,0.3514,0.4078,0.6296,0.4632,0.5464,0.6751,0.5852,0.6301
48.8,0.0426,0.417,0.5089,0.4579,0.3537,0.4058,0.6145,0.4442,0.5293,0.6667,0.5798,0.6233
48.9,0.0212,0.431,0.5019,0.4542,0.3578,0.406,0.6057,0.4292,0.5174,0.6586,0.5753,0.6169
49,-0.0013,0.4455,0.4969,0.4537,0.3646,0.4092,0.6027,0.4183,0.5105,0.6507,0.5706,0.6106
49.1,-0.0242,0.4602,0.4936,0.4569,0.3745,0.4157,0.6051,0.4114,0.5082,0.6433,0.5655,0.6044
49.2,-0.0462,0.4747,0.4921,0.4636,0.387,0.4253,0.6123,0.4082,0.5102,0.6367,0.5604,0.5985
49.3,-0.066,0.4883,0.4923,0.4735,0.4014,0.4374,0.6234,0.4082,0.5158,0.6307,0.5561,0.5934
49.4,-0.083,0.5005,0.4943,0.4862,0.4166,0.4514,0.6369,0.4109,0.5239,0.6254,0.5533,0.5894
49.5,-0.0973,0.5111,0.4978,0.5013,0.4324,0.4668,0.6511,0.4153,0.5332,0.6213,0.5521,0.5867
49.6,-0.1091,0.5205,0.5024,0.5183,0.4484,0.4834,0.6648,0.42,0.5424,0.6182,0.5522,0.5852
49.7,-0.1184,0.5289,0.5076,0.5372,0.4644,0.5008,0.6776,0.4244,0.551,0.6158,0.553,0.5844
49.8,-0.1251,0.5367,0.5135,0.5575,0.4803,0.5189,0.6892,0.428,0.5586,0.6136,0.5545,0.584
49.9,-0.129,0.5439,0.5204,0.5788,0.4955,0.5372,0.6998,0.4302,0.565,0.6115,0.5566,0.5841
50,-0.1302,0.5504,0.5281,0.6007,0.5095,0.5551,0.7095,0.431,0.5702,0.6099,0.5596,0.5847
50.1,-0.1283,0.5563,0.5364,0.6226,0.5218,0.5722,0.718,0.4298,0.5739,0.6089,0.5632,0.5861
50.2,-0.122,0.5619,0.5451,0.6437,0.5319,0.5878,0.725,0.4266,0.5758,0.609,0.5678,0.5884
50.3,-0.1097,0.5675,0.5549,0.6632,0.5393,0.6012,0.7301,0.4215,0.5758,0.6101,0.5737,0.5919
50.4,-0.0909,0.5727,0.5666,0.6797,0.5436,0.6116,0.7332,0.4149,0.5741,0.6121,0.581,0.5966
50.5,-0.0664,0.5772,0.581,0.6921,0.5448,0.6185,0.7346,0.4078,0.5712,0.6156,0.5899,0.6027
50.6,-0.0374,0.5805,0.5981,0.6998,0.5436,0.6217,0.7349,0.4013,0.5681,0.6213,0.6004,0.6108
50.7,-0.0053,0.5829,0.617,0.7033,0.5405,0.6219,0.7349,0.3966,0.5658,0.6304,0.6123,0.6213
50.8,0.0284,0.5849,0.6366,0.7032,0.5358,0.6195,0.7349,0.3942,0.5646,0.6428,0.6254,0.6341
50.9,0.0619,0.5862,0.6561,0.6999,0.5295,0.6147,0.7346,0.394,0.5643,0.6579,0.6392,0.6486
51,0.0935,0.5863,0.6752,0.6931,0.5218,0.6075,0.7335,0.3956,0.5645,0.6743,0.6532,0.6637
51.1,0.1219,0.5842,0.6939,0.6826,0.513,0.5978,0.7311,0.3986,0.5648,0.6909,0.6671,0.679
51.2,0.1468,0.5796,0.712,0.6689,0.5035,0.5862,0.7276,0.4026,0.5651,0.7072,0.6806,0.6939
51.3,0.1687,0.5723,0.729,0.6532,0.4937,0.5734,0.7232,0.4071,0.5651,0.723,0.6939,0.7084
51.4,0.1882,0.5629,0.7444,0.6366,0.4837,0.5602,0.718,0.4118,0.5649,0.7378,0.707,0.7224
51.5,0.2049,0.552,0.7583,0.6196,0.4741,0.5468,0.7121,0.4166,0.5643,0.7515,0.7204,0.736
51.6,0.2174,0.5404,0.7711,0.6018,0.4653,0.5336,0.7055,0.422,0.5637,0.7642,0.7347,0.7494
51.7,0.2238,0.5285,0.7835,0.5829,0.4576,0.5203,0.6986,0.429,0.5638,0.7764,0.7503,0.7633
51.8,0.2229,0.5169,0.7959,0.5629,0.4512,0.507,0.6921,0.4383,0.5652,0.788,0.7676,0.7778
51.9,0.2149,0.5059,0.8085,0.5419,0.446,0.494,0.6864,0.45,0.5682,0.7989,0.7862,0.7925
52,0.2006,0.4955,0.8213,0.5203,0.4422,0.4813,0.6818,0.4633,0.5725,0.8084,0.8053,0.8068
52.1,0.1812,0.4854,0.8344,0.4979,0.4393,0.4686,0.6784,0.4773,0.5779,0.8167,0.8241,0.8204
52.2,0.1567,0.4754,0.8478,0.4744,0.4372,0.4558,0.6763,0.4918,0.5841,0.8243,0.8422,0.8333
52.3,0.1264,0.4654,0.8618,0.4495,0.4358,0.4427,0.6759,0.5068,0.5914,0.8319,0.8598,0.8458
52.4,0.089,0.4556,0.8764,0.4232,0.4353,0.4292,0.6776,0.5224,0.6,0.8395,0.8769,0.8582
52.5,0.044,0.4458,0.8913,0.3958,0.4356,0.4157,0.681,0.5384,0.6097,0.8469,0.8931,0.87
52.6,-0.0077,0.4359,0.9065,0.3677,0.4367,0.4022,0.6856,0.5545,0.6201,0.8534,0.9079,0.8807
52.7,-0.0649,0.4258,0.922,0.3394,0.4381,0.3887,0.6915,0.5708,0.6311,0.8587,0.921,0.8899
52.8,-0.1266,0.4162,0.9376,0.3114,0.4396,0.3755,0.6988,0.5873,0.643,0.863,0.9319,0.8974
52.9,-0.1922,0.4081,0.9529,0.2847,0.4414,0.363,0.7077,0.6045,0.6561,0.8666,0.9405,0.9036
53,-0.2615,0.4029,0.9674,0.2602,0.4433,0.3517,0.7176,0.6224,0.67,0.8694,0.9465,0.9079
53.1,-0.3335,0.4011,0.9804,0.2387,0.4454,0.342,0.7275,0.641,0.6842,0.8709,0.9493,0.9101
53.2,-0.407,0.4029,0.9916,0.2208,0.4475,0.3342,0.7355,0.6597,0.6976,0.8706,0.949,0.9098
53.3,-0.4799,0.4082,1.0009,0.207,0.4496,0.3283,0.741,0.6782,0.7096,0.8686,0.9454,0.907
53.4,-0.5499,0.417,1.0082,0.1973,0.4519,0.3246,0.7438,0.6961,0.72,0.8651,0.9389,0.902
53.5,-0.6139,0.4289,1.0137,0.1919,0.4541,0.323,0.7443,0.7137,0.729,0.86,0.9298,0.8949
53.6,-0.669,0.4431,1.0171,0.1913,0.4566,0.324,0.7423,0.7307,0.7365,0.8532,0.9183,0.8857
53.7,-0.7132,0.4589,1.0183,0.1961,0.46,0.328,0.7377,0.747,0.7423,0.8444,0.905,0.8747
53.8,-0.7461,0.4755,1.0171,0.2064,0.4647,0.3356,0.7302,0.7617,0.746,0.8343,0.89,0.8622
53.9,-0.7677,0.4926,1.0133,0.2222,0.4714,0.3468,0.7204,0.7742,0.7473,0.8235,0.8738,0.8486
54,-0.7774,0.51,1.0071,0.2432,0.4802,0.3617,0.7086,0.7838,0.7462,0.8125,0.8565,0.8345
54.1,-0.7744,0.5277,0.9986,0.2686,0.4905,0.3796,0.6953,0.7895,0.7424,0.8011,0.8381,0.8196
54.2,-0.7587,0.545,0.9876,0.2971,0.5018,0.3995,0.6805,0.7902,0.7353,0.7887,0.8183,0.8035
54.3,-0.732,0.5611,0.9744,0.327,0.5135,0.4202,0.664,0.7856,0.7248,0.7745,0.7971,0.7858
54.4,-0.6971,0.5762,0.9594,0.3566,0.5258,0.4412,0.6463,0.7762,0.7113,0.7586,0.775,0.7668
54.5,-0.6562,0.5907,0.9429,0.3851,0.5384,0.4617,0.6284,0.763,0.6957,0.7417,0.7526,0.7471
54.6,-0.6107,0.6053,0.9255,0.4121,0.5507,0.4814,0.6116,0.7467,0.6791,0.7244,0.7305,0.7275
54.7,-0.5621,0.6196,0.9075,0.4374,0.5612,0.4993,0.5965,0.728,0.6623,0.707,0.7097,0.7083
54.8,-0.5129,0.6327,0.8896,0.4602,0.5685,0.5143,0.5834,0.7077,0.6455,0.6892,0.6905,0.6899
54.9,-0.4662,0.6439,0.8726,0.4799,0.5727,0.5263,0.5719,0.6868,0.6293,0.6708,0.6731,0.672
55,-0.425,0.6525,0.8576,0.4958,0.5747,0.5352,0.5618,0.6664,0.6141,0.6515,0.6577,0.6546
55.1,-0.391,0.6585,0.8451,0.5075,0.5755,0.5415,0.5534,0.6472,0.6003,0.6315,0.6445,0.638
55.2,-0.3637,0.662,0.8356,0.5152,0.5758,0.5455,0.547,0.6292,0.5881,0.6111,0.6338,0.6225
55.3,-0.3415,0.6634,0.8292,0.5197,0.5762,0.548,0.5429,0.6124,0.5777,0.5907,0.6259,0.6083
55.4,-0.3231,0.6633,0.8262,0.522,0.5776,0.5498,0.5412,0.5968,0.569,0.5708,0.6209,0.5958
55.5,-0.3089,0.662,0.827,0.5231,0.5813,0.5522,0.542,0.5831,0.5626,0.5519,0.6193,0.5856
55.6,-0.3001,0.6596,0.8318,0.5239,0.5883,0.5561,0.5449,0.572,0.5584,0.5347,0.6216,0.5781
55.7,-0.2969,0.6563,0.8406,0.5252,0.5991,0.5622,0.5494,0.5639,0.5567,0.5196,0.6284,0.574
55.8,-0.2975,0.6522,0.853,0.5278,0.6134,0.5706,0.5549,0.5587,0.5568,0.5068,0.6397,0.5732
55.9,-0.2992,0.6475,0.8678,0.5324,0.6304,0.5814,0.5603,0.5556,0.558,0.4963,0.6551,0.5757
56,-0.2997,0.6426,0.8841,0.5395,0.6494,0.5944,0.5649,0.5542,0.5595,0.4883,0.6739,0.5811
56.1,-0.2987,0.6376,0.9007,0.549,0.6699,0.6095,0.5678,0.554,0.5609,0.4826,0.6949,0.5887
56.2,-0.2965,0.6324,0.9162,0.5607,0.6916,0.6262,0.5684,0.5547,0.5615,0.4788,0.7166,0.5977
56.3,-0.2934,0.6269,0.9292,0.5739,0.7141,0.644,0.5657,0.5561,0.5609,0.4761,0.7377,0.6069
56.4,-0.2892,0.6209,0.9379,0.5882,0.7377,0.6629,0.5592,0.5579,0.5586,0.4741,0.757,0.6155
56.5,-0.284,0.6143,0.9414,0.6029,0.7626,0.6828,0.5492,0.5599,0.5545,0.4725,0.7737,0.6231
56.6,-0.2789,0.607,0.9398,0.6175,0.7894,0.7035,0.5367,0.5626,0.5497,0.4718,0.788,0.6299
56.7,-0.2744,0.5989,0.9337,0.6315,0.8176,0.7246,0.5241,0.5671,0.5456,0.4728,0.8001,0.6365
56.8,-0.2698,0.5903,0.924,0.6446,0.8464,0.7455,0.5135,0.5736,0.5436,0.4762,0.8104,0.6433
56.9,-0.2643,0.5819,0.911,0.6565,0.8748,0.7657,0.5062,0.582,0.5441,0.4827,0.8186,0.6506
57,-0.2586,0.5743,0.8944,0.6668,0.9024,0.7846,0.5026,0.5911,0.5468,0.4929,0.8248,0.6588
57.1,-0.2547,0.5681,0.8743,0.6744,0.9292,0.8018,0.5028,0.5995,0.5511,0.5077,0.8289,0.6683
57.2,-0.2556,0.5635,0.8512,0.6781,0.9548,0.8164,0.507,0.6068,0.5569,0.5281,0.8311,0.6796
57.3,-0.2623,0.5603,0.8265,0.6765,0.9771,0.8268,0.5164,0.6134,0.5649,0.5545,0.8316,0.693
57.4,-0.2748,0.5581,0.8016,0.6689,0.9932,0.831,0.5317,0.6196,0.5757,0.5861,0.8305,0.7083
57.5,-0.2931,0.5565,0.7776,0.6553,1.0001,0.8277,0.5533,0.626,0.5897,0.6218,0.8284,0.7251
57.6,-0.3178,0.5552,0.7556,0.636,0.9968,0.8164,0.5806,0.6326,0.6066,0.6605,0.826,0.7433
57.7,-0.3497,0.5544,0.7367,0.6116,0.9832,0.7974,0.6121,0.6395,0.6258,0.7016,0.8244,0.763
57.8,-0.3883,0.5543,0.7219,0.5827,0.9605,0.7716,0.6462,0.646,0.6461,0.7439,0.8236,0.7838
57.9,-0.4303,0.5547,0.7118,0.5504,0.9292,0.7398,0.6817,0.6515,0.6666,0.7859,0.8237,0.8048
58,-0.4707,0.5549,0.7064,0.5161,0.8899,0.703,0.7183,0.6557,0.687,0.8255,0.8248,0.8251
58.1,-0.5049,0.5539,0.7054,0.4807,0.8443,0.6625,0.7554,0.6585,0.7069,0.8605,0.8267,0.8436
58.2,-0.5308,0.5515,0.7077,0.4453,0.7959,0.6206,0.7914,0.6599,0.7256,0.8897,0.8291,0.8594
58.3,-0.5482,0.5494,0.7119,0.4116,0.7499,0.5807,0.8243,0.6595,0.7419,0.9124,0.8311,0.8717
58.4,-0.5588,0.5492,0.717,0.3811,0.7102,0.5457,0.8525,0.6574,0.7549,0.9292,0.8321,0.8807
58.5,-0.5635,0.5523,0.7227,0.3563,0.6789,0.5176,0.8758,0.6542,0.765,0.9408,0.832,0.8864
58.6,-0.5623,0.5592,0.7287,0.3396,0.6564,0.498,0.8952,0.6506,0.7729,0.9477,0.8309,0.8893
58.7,-0.5554,0.5699,0.7346,0.3335,0.6425,0.488,0.9117,0.6477,0.7797,0.9501,0.8287,0.8894
58.8,-0.5432,0.5842,0.7396,0.3394,0.6363,0.4878,0.9257,0.6455,0.7856,0.9483,0.8255,0.8869
58.9,-0.5271,0.6013,0.7428,0.3561,0.6357,0.4959,0.9367,0.6433,0.79,0.9425,0.821,0.8817
59,-0.5071,0.6203,0.7435,0.3818,0.6386,0.5102,0.944,0.6408,0.7924,0.9331,0.8154,0.8743
59.1,-0.483,0.64,0.742,0.4146,0.6434,0.529,0.9477,0.6378,0.7928,0.9207,0.8085,0.8646
59.2,-0.4549,0.6603,0.7387,0.453,0.6508,0.5519,0.9482,0.6355,0.7918,0.9057,0.8004,0.853
59.3,-0.425,0.6815,0.7345,0.4954,0.6621,0.5788,0.9462,0.6348,0.7905,0.8881,0.7908,0.8394
59.4,-0.3965,0.7039,0.7302,0.5398,0.6781,0.6089,0.9424,0.6367,0.7896,0.868,0.78,0.824
59.5,-0.3711,0.7279,0.7265,0.5841,0.6984,0.6412,0.9373,0.641,0.7891,0.846,0.7692,0.8076
59.6,-0.3485,0.7534,0.7239,0.627,0.7216,0.6743,0.9316,0.6476,0.7896,0.8234,0.7601,0.7917
59.7,-0.3269,0.7798,0.7231,0.668,0.7461,0.7071,0.9269,0.6564,0.7916,0.8018,0.7541,0.778
59.8,-0.3053,0.8069,0.7245,0.7072,0.7713,0.7393,0.9242,0.6675,0.7958,0.7827,0.752,0.7673
59.9,-0.2828,0.8342,0.7287,0.745,0.7966,0.7708,0.9248,0.681,0.8029,0.7672,0.7547,0.761
